RowType,InstanceId,ComponentType,ComponentName,RELevel,CertificationLevel,ShipClass,Source,Ownership,Armor,Hitpoints,Mass,ReactorEnergyDrain,ReactorGenerationRate,PitchRateMax,YawRateMax,RollRateMax,EngineTopSpeed,FrontShieldHP,BackShieldHP,ShieldRechargeRate,CapacitorEnergy,CapacitorRechargeRate,BoosterEnergy,BoosterRechargeRate,BoosterEnergyConsumption,BoosterAcceleration,TopBoosterSpeed,DroidCommandSpeed,DamageMin,DamageMax,VsShields,VsArmor,EnergyPerShot,RefireRate,Payload
Part,pmqvl9isyci91,Armor,Corellian Engineering Corporation Cheap Durasteel Plating,1,1,,Looted,Observed,155.4,155.4,914.2,,,,,,,,,,,,,,,,,,,,,,,,
Part,pmqvl9qlfe3rd,Armor,Corellian Engineering Corporation Cheap Durasteel Plating,1,1,,Looted,Observed,149.9,149.9,831.9,,,,,,,,,,,,,,,,,,,,,,,,
Part,pmqvl9mu7ddg9,Armor,Kuat Systems Engineering Modified Light Durasteel,2,2,,Looted,Observed,163.8,163.8,1429,,,,,,,,,,,,,,,,,,,,,,,,
Part,pmqvl9u07f6v1,Armor,Corellian Reinforced Supreme Durasteel,9,9,Fighter,Looted,Observed,980.3,930.3,39416.5,,,,,,,,,,,,,,,,,,,,,,,,
Part,pmqvl99eaayw1,Armor,Corellian Engineering Corporation Light Durasteel,2,2,,Looted,Observed,257.7,257,1810.3,,,,,,,,,,,,,,,,,,,,,,,,
Part,pmqvl9dsbbhn6,Armor,SubPro Limited Heavy Plastisteel,7,7,,Looted,Observed,1143.8,1143.8,14084.9,,,,,,,,,,,,,,,,,,,,,,,,
Part,pmqvl95pf9zvu,Armor,SubPro Light Plastisteel Armor,5,5,,Looted,Observed,910.7,910.7,4781.9,,,,,,,,,,,,,,,,,,,,,,,,
Part,pmqvl90x284r3,Armor,Cygnus Light Armor Weave,2,2,,Looted,Observed,280.5,280.5,1510.2,,,,,,,,,,,,,,,,,,,,,,,,
Part,pmqvq53if0gjy,Weapon,Slayn & Korpil Light Ion Cannon,1,1,,Looted,Observed,75.3,75.3,929.6,1949,,,,,,,,,,,,,,,,,286.1,368.2,0.7,0.29,,0.332,
Part,pmqvq53if22o1,Weapon,Republic Sienar Systems Imperial Cannon,5,5,,Looted,Observed,347.2,347.2,7288.5,2057.3,,,,,,,,,,,,,,,,,1053.9,1692.1,0.512,0.512,,0.337,
Part,pmqvq53if34f3,Weapon,MandalMotors Annihilator Mk2,7,7,,Looted,Observed,474.1,474.1,18782,1984,,,,,,,,,,,,,,,,,1569.5,2588.3,0.499,0.49,,0.338,
Part,pmqvq53if4f7n,Weapon,Mark II Subpro Tripleblaster,6,6,,Looted,Observed,397.4,397.4,10317,2110.6,,,,,,,,,,,,,,,,,1440.2,2011.2,0.63,0.608,,0.406,
Part,pmqvq53if52tf,Weapon,Ionic Pulse Weapon,7,7,,Looted,Observed,419.2,419.27419,18284.3,1923.2,,,,,,,,,,,,,,,,,1785.2,2781.2,0.565,0.45,,0.34,
Part,pmqvq53if6wrw,Weapon,Ionic Pulse Weapon,7,7,,Looted,Observed,429.2,429.2,17345,2506.9,,,,,,,,,,,,,,,,,1835,2949.9,0.584,0.443,,0.336,
Part,pmqvq53if7tms,Weapon,MandalMotors Annihilator Mk2,7,7,,Looted,Observed,467.5,467.5,18276,2357.9,,,,,,,,,,,,,,,,,1520,2623.2,0.503,0.502,,0.352,
Part,pmqvq53if81pv,Shield,"Incom ""K-77"" Shield Generator",4,4,,Looted,Observed,258.8,258.8,6257,2681.2,,,,,,898.4,898.4,4.37,,,,,,,,,,,,,,,
Part,pmqvq53if9vlv,Shield,Kuat Systems Engineering Enhanced Mark I Military Shield Generator,2,2,,Looted,Observed,94.3,94.3,2241.7,2028.7,,,,,,243.2,243.8,1.68,,,,,,,,,,,,,,,
Part,pmqvq53igarhh,Shield,Sienar Proton Screen (Abandoned Prototype),2,2,,Looted,Observed,82.7,82.7,2281.1,2039.1,,,,,,254.6,259.5,2.3,,,,,,,,,,,,,,,
Part,pmqvq53igbqab,Shield,Taim & Bak Military-Grade Shield Generator,8,8,,Looted,Observed,700.8,700.8,43543.6,2931,,,,,,2433.4,2433.4,11.84,,,,,,,,,,,,,,,
Part,pmqvq53igccau,Shield,Taim & Bak Military-Grade Shield Generator,8,8,,Looted,Observed,700.9,700.9,43543,2930.9,,,,,,2433.4,2433.5,11.84,,,,,,,,,,,,,,,
Part,pmqvq53igdjjt,Shield,Protecto-net Shield,7,7,,Looted,Observed,573.9,573.9,34383.1,2685.2,,,,,,1921.2,0,11.37,,,,,,,,,,,,,,,
Part,pmqvq53igez2n,Shield,Mon Calamari Ion-Web Heavy Shields,7,7,,Looted,Observed,467.6,467.6,20761,3248.9,,,,,,1314.3,1318.3,10.82,,,,,,,,,,,,,,,
Part,pmqvq53igf7af,Shield,Moncal Ionweb Prototype B Shield,6,6,,Looted,Observed,393,393,15199.4,2565.7,,,,,,1123.3,0,9.77,,,,,,,,,,,,,,,
Part,pmqvq53iggqaq,Shield,Incom Rayshield Z1,5,5,,Looted,Observed,411.4,411.4,8446.6,2347.2,,,,,,832.4,730.8,6.02,,,,,,,,,,,,,,,
Part,pmqvq53ighn3d,Shield,Mon Calamari Ion-Web Elite 2 Shields,10,10,Fighter,Looted,Observed,690.8,690.8,60642.5,2636.2,,,,,,1245.3,0,14.95,,,,,,,,,,,,,,,
Part,pmqvq53igiav6,Shield,Koensayr Deflector Shield M2,3,3,,Looted,Observed,171.7,171.7,3260.6,3627,,,,,,362.1,558.5,3.83,,,,,,,,,,,,,,,
Part,pmqvq53iglyut,Main Reactor,Incom Mark 3 Reactor,5,5,,Looted,Observed,353.2,353.2,9192.9,,18193.7,,,,,,,,,,,,,,,,,,,,,,
Part,pmqvq53igm66t,Main Reactor,Taim Experimental S3,7,7,,Looted,Observed,451.6,451.6,21057.8,,26874.8,,,,,,,,,,,,,,,,,,,,,,
Part,pmqvq53ignfhu,Main Reactor,"Mandalor Motors ""Gorax"" Elite Reactor",10,10,Fighter,Looted,Observed,1183.6,1183.6,45930.4,,31461.8,,,,,,,,,,,,,,,,,,,,,,
Part,pmqvq53igoj8p,Main Reactor,Koensayr Supernova Mark III Reactor,5,5,,Looted,Observed,317,317,8156.9,,15695,,,,,,,,,,,,,,,,,,,,,,
Part,pmqvq53igpe1k,Main Reactor,Sienar Level 1 Reactor,1,1,,Looted,Observed,75.1775,75.1,1342.2,,8641.7,,,,,,,,,,,,,,,,,,,,,,
Part,pmqvq53ihqtia,Main Reactor,SoroSuub Fusion Reactor 3,5,5,,Looted,Observed,326.1,326.1,8359,,13753.9,,,,,,,,,,,,,,,,,,,,,,
Part,pmqvq53ihrw4x,Engine,Incom Military-Grade Starfighter Engine,6,6,,Looted,Observed,555.4,555.4,13765.9,2099.8,,63.2,63.2,63.2,79,,,,,,,,,,,,,,,,,,
Part,pmqvq53ihs6eh,Engine,Koensayr Tuned Small Ion-Jet Engine,2,2,,Looted,Observed,92.1,92.1,1631.6,1648.1,,59.5,52.5,55.8,51.5,,,,,,,,,,,,,,,,,,
Part,pmqvq53ihtmcx,Engine,Mon Calamari Heavy Ion Engines,5,5,,Looted,Observed,257.2,257.2,7031.3,1335.3,,51,51,49.8,55.4,,,,,,,,,,,,,,,,,,
Part,pmqvq53ihusoy,Engine,Quantum Ion Drive,8,8,,Looted,Observed,579.1,579.1,29988.1,1900.1,,64.7,69.4,66,95.7,,,,,,,,,,,,,,,,,,
Part,pmqvq53ihvpr2,Engine,T86 Shooting Star Engine,6,6,,Looted,Observed,396.2,396.2,10709.7,1960.4,,62.8,62.9,61,85,,,,,,,,,,,,,,,,,,
Part,pmqvq53ihw95c,Engine,Kuat Engineering Systems TC-62 Engines,10,10,Fighter,Looted,Observed,737.9,737.9,57989.7,1954.8,,75.1,74.3,75.6,97.3,,,,,,,,,,,,,,,,,,
Part,pmqvq53ihx605,Engine,Kuat Engineering Systems TC-62 Engines,10,10,Fighter,Looted,Observed,703.1,703.1,50583.6,1793.6,,71.7,74.9,71.9,97.5,,,,,,,,,,,,,,,,,,
Part,pmqvq53ihyf9j,Engine,Incom Improved Fusialthrust 2,8,8,,Looted,Observed,587.6,587.6,30262.9,1800.6,,67.6,70.1,63.3,73.8,,,,,,,,,,,,,,,,,,
Part,pmqvq53ihzv0m,Engine,"MandalMotors X-57 ""Vandal"" Engine",4,4,,Looted,Observed,215,215,4163.8,1480.5,,59.3,61.2,56,59.9,,,,,,,,,,,,,,,,,,
Part,pmqvq53ih12coa,Capacitor,"SubPro ""Defiant"" C3 Capacitor",7,7,,Looted,Observed,453.9,453.9,17476.7,1160.3,,,,,,,,,778.2,29,,,,,,,,,,,,,
Part,pmqvq53ih13dg1,Capacitor,"Qualdex ""Miser"" Standard",2,2,,Looted,Observed,110.3,110.3,1947.3,1207.1,,,,,,,,,894.2,32.5,,,,,,,,,,,,,
Part,pmqvq53ih14a4x,Capacitor,Mon Calamari Heavy Capacitor,5,5,,Looted,Observed,314.5,314.5,6658.9,1138,,,,,,,,,643.1,25.1,,,,,,,,,,,,,
Part,pmqvq53ih15dhy,Capacitor,Kuat Systems Engineering Limited Mark IV Capacitor,8,8,,Looted,Observed,715.5,715.5,34205.2,1288.1,,,,,,,,,918.37918,43.9,,,,,,,,,,,,,
Part,pmqvq53ih167xe,Capacitor,Novaldex Sarlacc S3,5,5,,Looted,Observed,330.1,330.1,6711.4,1315.5,,,,,,,,,648.6,25.6,,,,,,,,,,,,,
Part,pmqvq53ih17ed,Capacitor,Mon Calamari Modified Standard Capacitor,4,4,,Looted,Observed,234.1,234.1,8406.3,892,,,,,,,,,807,31,,,,,,,,,,,,,
Part,pmqvq53ih18tku,Capacitor,Kuat Systems Engineering Performance Mark II Capacitor,4,4,,Looted,Observed,240.2,240.2,4618.8,1048.8,,,,,,,,,705.5,25.1,,,,,,,,,,,,,
Part,pmqvq53ii19z4,Capacitor,TIE Elite Capacitor Mark 3,6,6,,Looted,Observed,429.5,429.5,10933.9,1098.5,,,,,,,,,887.8,29.7,,,,,,,,,,,,,
Part,pmqvq53ii1aiax,Capacitor,Qualdex Conservator QX4,8,8,,Looted,Observed,705.9,705.9,28542.2,1157.4,,,,,,,,,812.6,34.7,,,,,,,,,,,,,
Part,pmqvq53ii1b6d2,Capacitor,Qualdex Conservator QX4,8,8,,Looted,Observed,666.7,666.7,32504.9,1239.2,,,,,,,,,721.9,27.9,,,,,,,,,,,,,
Part,pmqvq53ii1c612,Booster,SoroSuub Mark III Liberator Boosters,5,5,,Looted,Observed,314.6,314.6,5064.5,545.5,,,,,,,,,,,1210,31.2,122.8,24.7,18.2,,,,,,,,
Part,pmqvq53ii1dl9z,Booster,"Koensayr ""Racer"" Mark II Booster",7,7,,Looted,Observed,474,474,13326.3,535.9,,,,,,,,,,,1331,33.6,131.3,26.2,20.3,,,,,,,,
Part,pmqvq53ii1ehrr,Booster,"Koensayr ""Racer"" Mark I Booster",5,5,,Looted,Observed,310.6,310.6,5208.9,540.2,,,,,,,,,,,1210.1,30.2,127.6,23.6,18.2,,,,,,,,
Part,pmqvq53ii1fb41,Booster,CORELLIAN ENGINEERING CORP. PROMOTIONA,4,4,,Looted,Observed,254.9,254.9,4132.7,537.3,,,,,,,,,,,1650,38.2,160.3,33.6,24.6,,,,,,,,
Part,pmqvq53ii1gjbc,Booster,"The ""Nova Breaker"" 792-W Booster",6,6,,Looted,Observed,475.3,475.3,10376,523.6,,,,,,,,,,,1815.1,44.1,187.3,35.9,28.4,,,,,,,,
Part,pmqvq53ii1h7ro,Booster,"SubPro Enhanced Mark II ""Accelatron"" Boosters",4,4,,Looted,Observed,252.9,252.9,3578.2,495,,,,,,,,,,,1650.1,37.1,165.2,31.8,25.5,,,,,,,,
Part,pmqvq53ii1iiwn,Booster,Kuat Drive Yards Mark I Military Grade Boosters,1,1,,Looted,Observed,75.9,75.9,839,468.3,,,,,,,,,,,1000.1,24.9,93.6,20.1,15.1,,,,,,,,
Part,pmqvq53ii1jmru,Booster,Kuat Systems Engineering CB-6 Boosters,1,1,,Looted,Observed,75.3,75.3,748.9,522.5,,,,,,,,,,,1000,21.7,94.4,20.2,15,,,,,,,,
Part,pmqvq53ii1kcnd,Booster,"Cygnus ""Flash-Booster 3"" Starship Boosters",2,2,,Looted,Observed,109.7,109.7,1459.1,549.7,,,,,,,,,,,1500.1,38.2,135.6,30.3,22,,,,,,,,
Part,pmqvq53ii1lmh4,Booster,SoroSuub Supercharged Mark III Liberator Boosters,6,6,,Looted,Observed,490,490,8890.5,531.5,,,,,,,,,,,1815.1,43.5,191.5,35.9,27.9,,,,,,,,
Part,pmqvq53ii1muox,Booster,Republic Sienar Systems Special Booster,4,4,,Looted,Observed,261.8,261.8,4082.6,501.8,,,,,,,,,,,1650.1,40.6,159.7,32.5,24.7,,,,,,,,
Part,pmqvq53ii1pu81,Booster,"SoroSuub Improved Mark II ""Liberator""",4,4,,Looted,Observed,266.3,266.3,3331.3,530.5,,,,,,,,,,,1650,40.1,163.2,33.2,25.2,,,,,,,,
Part,pmqvqa1ft1r2yx,Main Reactor,Kuat Systems Engineering RCT-X Reactor,4,4,,Looted,Observed,241,241,6570.7,,11865.8,,,,,,,,,,,,,,,,,,,,,,
Part,pmqvqa1ft1szbp,Shield,Phased Fullerine FX92 Energy Shield,8,8,,Looted,Observed,521.9,521.9,32567,3438.6,,,,,,1633.8,1531,11.81,,,,,,,,,,,,,,,
Part,pmqvroot306t5,Engine,Kuat Engineering Systems F-31 Drive Engine,7,7,,Looted,Observed,478.1,478.17478,13637.1,1759.3,,56.1,54.4,58.2,55.3,,,,,,,,,,,,,,,,,,
Part,pmr9f2u721l8w,Main Reactor,Armek Phase Grinder Reactor,10,10,Fighter,Looted,Observed,737.5,737.5,31623.2,,30585.6,,,,,,,,,,,,,,,,,,,,,,
Part,pmr9f2u732kpg,Shield,Koensayr Deflector M6,6,6,,Looted,Observed,383.4,383.4,16031.7,1867.1,,,,,,924.3,877.4,10.59,,,,,,,,,,,,,,,
Part,pmr9f2u733pji,Weapon,Sienar Design Systems Heavy Imperial Special Forces Cannon,8,8,,Looted,Observed,696.6,696.6,34036.1,1578.5,,,,,,,,,,,,,,,,,1987.9,2855.5,0.63,0.633,35.8,0.414,
Part,pmr9f2u734ezi,Weapon,ArMek SW-7a Ion Cannon,8,8,,Looted,Observed,517.3,517.3,18750.2,2298.5,,,,,,,,,,,,,,,,,2098.1,2843.2,0.635,0.622,38.5,0.424,
Part,pmr9f2u735vpb,Weapon,A-TECH ELITE PROTOTYPE DISINTEGRATOR CANNON,10,10,Fighter,REed,Observed,869.6,869.6,35043.6,1381.8,,,,,,,,,,,,,,,,,3233.4,5427.6,0.877,0.856,24.8,0.353,
Part,pmr9iszaq6h1f,Shield,Koensayr Deflector Shield M2,3,3,,Looted,Observed,172,172,3053.9,2194.3,,,,,,553.1,416.2,3.92,,,,,,,,,,,,,,,
Part,pmr9itreg73dx,Main Reactor,BASIC REACTOR,1,1,,Looted,Observed,65.5,65.5,907.4,,8632.8,,,,,,,,,,,,,,,,,,,,,,
Part,pmr9iurf184i,Engine,Damorian RX7 Ion Engine,4,4,,Looted,Observed,219.3,219.3,4598.7,1679.9,,60.8,56.7,61,60.1,,,,,,,,,,,,,,,,,,
Part,pmr9iw5kx9477,Weapon,Corellian Beamrail Gauss Cannon,10,10,Fighter,Looted,Observed,696,696,56792.6,3152.6,,,,,,,,,,,,,,,,,2571.6,4202.6,0.794,0.486,38.7,0.436,
Part,pmr9ixe0la5z0,Weapon,Corellian Beamrail Gauss Cannon,10,10,Fighter,Looted,Observed,685.9,685.9,52476.7,2282.7,,,,,,,,,,,,,,,,,2916.2,3718.9,0.751,0.502,35.6,0.411,
Part,pmr9ixu74bl5w,Droid Interface,-LOKI- MARK IV DROID INTERFACE,,7,,Crafted,Observed,435.8,872,6354.8,716.6,,,,,,,,,,,,,,,,12.6,,,,,,,
Part,pmr9iyr69coou,Shield,Moncal Ionweb Prototype B Shield,6,6,,Looted,Observed,383.7,383.7,15623,1907.8,,,,,,1613.6,1414.9,8.82,,,,,,,,,,,,,,,
Part,pmr9izzzhdxiu,Booster,Republic Sienar Systems Ion Booster,4,4,,Looted,Observed,336.4,336.4,3150.2,450,,,,,,,,,,,1980,49.5,198,36.3,25,,,,,,,,
Part,pmr9j0p96ewiz,Booster,"Qualdex ""Halcyon"" Starfighter Booster",8,8,,Looted,Observed,840.9,840.9,26207.6,600,,,,,,,,,,,2395.8,59.9,239.6,43.9,30.8,,,,,,,,
Part,pmr9j47tbf2qx,Shield,Moncal Ionweb Prototype B Shield,6,6,,Looted,Observed,394.9,394.9,19893.6,2983,,,,,,1700.1,972.5,8.2,,,,,,,,,,,,,,,
Part,pmr9j8tuegvc4,Shield,Sienar Fleet Systems Polyweb 4 Shield,8,8,,Looted,Observed,609.8,609.8,36893.5,1990.5,,,,,,1789.5,1748.5,11.52,,,,,,,,,,,,,,,
Part,pmr9j9t41hf36,Booster,MandalMotors Modified JBJ Mark II Boosters,4,4,,Looted,Observed,262.7,262.7,3025.6,550.4,,,,,,,,,,,1650.1,42,160.5,33,25.5,,,,,,,,
Part,pmr9jahaiiy26,Weapon,Corellian Beamrail Gauss Cannon,10,10,Fighter,Looted,Observed,675.6,675.6,49011.3,2797,,,,,,,,,,,,,,,,,2644.7,4128,0.759,0.464,37.3,0.411,
Part,pmr9jcjlkjo3u,Shield,Cygnus Mark II Shields,4,4,,Looted,Observed,214.3,214.3,5283.5,3088.7,,,,,,589,446.5,5.86,,,,,,,,,,,,,,,
Part,pmr9jczyfkljb,Booster,"MandalMotors ""Q Series"" Booster",8,8,,Looted,Observed,841,841,26208.7,600,,,,,,,,,,,2395.8,59.9,239.6,43.9,30.8,,,,,,,,
Part,pmr9jdz5wlr0b,Booster,Republic Sienar Systems Ion Booster,4,4,,Looted,Observed,336.4,336.4,3150.2,450,,,,,,,,,,,1980,49.5,198,36.3,25,,,,,,,,
Part,pmr9jeuxxmfaf,Main Reactor,Incom Mark 3 Reactor,5,5,,Looted,Observed,342.7,342.7,8927,,17205.5,,,,,,,,,,,,,,,,,,,,,,
Part,pmr9jhdjnnthb,Main Reactor,Sienar Fleet Systems Imperial-2 Reactor,4,4,,Looted,Observed,267.7,267.7,5244.9,,9952.7,,,,,,,,,,,,,,,,,,,,,,
Part,pmr9jibg9oyoa,Engine,Bezelbok Kessel Runner,7,7,,Looted,Observed,465.9,465.9,15192.8,1762.1,,53.5,53.1,55.7,59.1,,,,,,,,,,,,,,,,,,
Part,pmr9jkg1gpglf,Engine,Kuat Engineering Systems TC-62 Engines,10,10,Fighter,Looted,Observed,759.7,759.7,52843.1,1777.3,,71.4,75.9,75.8,102.2,,,,,,,,,,,,,,,,,,
Part,pmr9jkvsxq9cq,Engine,Kuat Engineering Systems TC-62 Engines,10,10,Fighter,Looted,Observed,734.8,734.8,50009.4,1793.2,,74.8,70.5,76.5,108.7,,,,,,,,,,,,,,,,,,
Part,pmr9jm6g8rahl,Shield,Protecto-net Shield,7,8,,Looted,Observed,570.5,570.5,35083.9,3665.7,,,,,,2079.8,1707.8,11.99,,,,,,,,,,,,,,,
Part,pmr9jmnwus628,Shield,Protecto-net Shield,7,8,,Looted,Observed,600,600,36203.9,3008.2,,,,,,2224.7,1919.1,13.02,,,,,,,,,,,,,,,
Part,pmr9joheftgx8,Shield,Protecto-net Shield,7,8,,Looted,Observed,584.4,584.4,38777.4,3050.8,,,,,,2023.5,1965.8,11.07,,,,,,,,,,,,,,,
Part,pmr9jqvu9u7i7,Booster,"Qualdex ""Halcyon"" Starfighter Booster",8,8,,Looted,Observed,841.1,841.1,26204.4,600,,,,,,,,,,,2395.8,59.9,239.6,43.9,30.8,,,,,,,,
Part,pmr9jsjrqvljl,Weapon,"Kuat Drive Yards ""Pounder"" Mk1",4,4,,Looted,Observed,218.7,218.7,4361.9,1960.1,,,,,,,,,,,,,,,,,650.9,968.3,0.633,0.628,30,0.403,
Part,pmr9jt5w3wpht,Weapon,Taim & Bak IX4 Laser Cannon,4,4,,Looted,Observed,218.8,218.8,3825.8,2020.3,,,,,,,,,,,,,,,,,783.6,973.1,0.677,0.62,30,0.421,
Part,pmr9jz18px6vz,Weapon,Kuat Systems Engineering Light Disruptor,1,1,,Looted,Observed,74.5,74.5,1031.5,1955,,,,,,,,,,,,,,,,,277.7,382.1,0.303,0.723,19,0.325,
Part,pmr9jzojuyory,Weapon,Kuat Systems Engineering Double Blaster,3,3,,Looted,Observed,158.8,158.8,2310.2,2061.8,,,,,,,,,,,,,,,,,689.9,814.6,0.485,0.521,16.5,0.33,
Part,pmr9k0at2zwyi,Weapon,Sienar Design Systems Imperial Blaster,1,1,,Looted,Observed,81.5,81.5,1084.3,2039.5,,,,,,,,,,,,,,,,,282.4,376.6,0.486,0.513,21.2,0.33,
Part,pmr9k123110to1,Weapon,"Incom ""Tri-Cannon""",8,8,,Looted,Observed,700.8,700.8,38221.6,2799.9,,,,,,,,,,,,,,,,,2387.6,3691.9,0.625,0.625,14.1,0.425,
Part,pmr9k2lc1114op,Weapon,"Incom ""Tri-Cannon""",8,8,,Looted,Observed,700.8,700.8,38219.5,2800,,,,,,,,,,,,,,,,,2387.8,3691.5,0.625,0.625,14.1,0.425,
Part,pmr9k3w8c12nzx,Weapon,Taim & Bak Ht-12 Heavy Laser Cannon,8,8,,Looted,Observed,615.9,615.9,34428.3,2269.6,,,,,,,,,,,,,,,,,2003.6,3264.4,0.623,0.627,31.8,0.417,
Part,pmr9k4dhr13zk1,Engine,GRIMTECH IV STARFIGHTER ENGINE,,7,,Crafted,Observed,437,874.2,14643.3,1345.3,,70.5,70.5,66,102,,,,,,,,,,,,,,,,,,
Part,pmr9k58x014ssm,Weapon,-LOKI- ADVANCED BLASTER (GREEN),,7,,Crafted,Observed,452.5,905.3,14476.5,2395.2,,,,,,,,,,,,,,,,,1438.7,2927,0.69,0.69,21.9,0.35,
Part,pmr9k663v1599f,Capacitor,-LOKI- MARK IVY WEAPONS CAPACITOR,,7,,Crafted,Observed,436.5,873.4,14956,1477.3,,,,,,,,,1351.6,40.7,,,,,,,,,,,,,
Part,pmr9k6qiz16y1o,Main Reactor,-FOO- KOENSAYR REACTOR STAR SYNTHESIS ARCHETYPE D,,7,,Crafted,Observed,218.2,434.2,6234.5,,21605.7,,,,,,,,,,,,,,,,,,,,,,
Part,pmr9k7mwy17rto,Weapon,MID-GRADE BLASTER (GREEN),,3,,Crafted,Observed,166.9,333.4,2325.2,2171.6,,,,,,,,,,,,,,,,,588.6,1021,0.67,0.67,19.2,0.35,
Part,pmr9k80ud18afj,Weapon,MID-GRADE BLASTER { GREEN),,3,,Crafted,Observed,166.9,333.4,2325.2,2171.6,,,,,,,,,,,,,,,,,596.3,1021,0.67,0.67,19.2,0.35,
Part,pmr9k8xj019k4x,Engine,MARK II STARFIGHTER ENGINE,,3,,Crafted,Observed,159.5,318.5,3516.5,1676.1,,61.9,61.9,57.6,77,,,,,,,,,,,,,,,,,,
Part,pmr9k9lqj1acvt,Main Reactor,MARK II FUSION REACTOR,,3,,Crafted,Observed,160.2,318.3,3023.7,,13625,,,,,,,,,,,,,,,,,,,,,,
Part,pmr9kabpi1bmok,Weapon,GRIMTECH V BLASTER (RED),,9,Fighter,Crafted,Observed,530.5,1061.3,36352.9,2504.5,,,,,,,,,,,,,,,,,1884.3,3793.5,0.7,0.7,26.2,0.351,
Part,pmr9kb0ti1cw2j,Weapon,Mon Calamari Light Blaster,2,2,,Looted,Observed,92.5,92.5,1593.3,1912.3,,,,,,,,,,,,,,,,,341.1,501,0.614,0.598,27.9,0.412,
Part,pmr9kbp8r1d5mb,Weapon,"Hoersch-Kessel ""Scorcher 3""",6,6,,Looted,Observed,393.9,393.9,14347.7,2004.8,,,,,,,,,,,,,,,,,1800.8,2669.4,0.608,0.625,37.4,0.408,
Part,pmr9kc4s51ee03,Weapon,Taim & Bak IX4 Laser Cannon,4,4,,Looted,Observed,222.4,222.4,4910.4,2117.9,,,,,,,,,,,,,,,,,667.8,1046.1,0.643,0.612,32.6,0.423,
Part,pmr9kciln1fig0,Armor,Koensayr Enhanced Heavy Durasteel,5,5,,Looted,Observed,1015.1,1015.1,7714.4,,,,,,,,,,,,,,,,,,,,,,,,
Part,pmr9kd4ag1gmvr,Weapon,Corellian Beamrail Gauss Cannon,10,10,Fighter,Looted,Observed,691.6,691.6,49542.3,2418.2,,,,,,,,,,,,,,,,,2629.5,3932.5,0.773,0.48,32.8,0.434,
Part,pmr9kdrrg1hkxa,Booster,"Incom Supercharged ""Vynock"" Boosters",6,6,,Looted,Observed,453.3,453.3,10150.4,584.3,,,,,,,,,,,1814.9,42.8,168.2,36.4,28.2,,,,,,,,
Part,pmr9keb651i8fa,Main Reactor,Cygnus Mark I Reactor,1,1,,Looted,Observed,78,78,1075.4,,12054.2,,,,,,,,,,,,,,,,,,,,,,
Part,pmr9kf4it1jj16,Engine,"Qualdex ""Kyromaster"" Engine",3,4,,Looted,Observed,168.3,168.3,2406.7,1593.7,,49.6,51.4,49.5,44.2,,,,,,,,,,,,,,,,,,
Part,pmr9kfisg1k4q5,Shield,Taim Torton Heavy Shield,10,10,Fighter,Looted,Observed,669.5,669.5,103899.2,2010.8,,,,,,3141.8,2310.1,14.05,,,,,,,,,,,,,,,
Part,pmr9kg0hx1l51z,Main Reactor,"Slayn & Korpil ""Hypervortex"" Reactor",6,6,,Looted,Observed,619,619,14420.8,,18999.4,,,,,,,,,,,,,,,,,,,,,,
Part,pmr9kgrm71m5aw,Booster,"Novaldex ""Hypernova"" Starship Booster",4,4,,Looted,Observed,336.4,336.4,3150,450,,,,,,,,,,,1980,49.5,198,36.3,25,,,,,,,,
Part,pmr9kiupm1nhse,Booster,"Qualdex ""Halcyon"" Starfighter Booster",8,8,,Looted,Observed,841,841,26204.4,600,,,,,,,,,,,2395.8,59.9,239.6,43.9,30.8,,,,,,,,
Part,pmr9kjbbc1oxjl,Shield,MandalMotors Flexshield Ks-25 Shields,6,6,,Looted,Observed,401.7,401.7,16955.5,3264.3,,,,,,589.7,917,10.78,,,,,,,,,,,,,,,
Part,pmr9kk1s51py1u,Capacitor,"Corellian Cruiser-grade Weapons Capacitor ""CAP9""",8,8,,Looted,Observed,811.9,811.9,34791.5,1220.9,,,,,,,,,877.8,42.9,,,,,,,,,,,,,
Part,pmr9kkyi01qlrt,Main Reactor,Sienar Design Systems High-Output Reactor,6,6,,Looted,Observed,618.9,618.9,14421.4,,18999.7,,,,,,,,,,,,,,,,,,,,,,
Part,pmr9kllek1redv,Booster,"Qualdex ""X-Boost"" Mark IV Boosters",7,7,,Looted,Observed,476.4,476.4,14510.5,663.8,,,,,,,,,,,1331,32.2,126.1,26.9,20.3,,,,,,,,
Part,pmr9kty441svhk,Engine,PROTOTYPE ENGINE,,1,,Crafted,Observed,100,200,1500,2000,,48,48,52,54,,,,,,,,,,,,,,,,,,
Part,pmr9kua6r1t9b0,Shield,MARK II DEFLECTOR SHIELD GENERATOR,,3,,Crafted,Observed,158.7,316.8,2703.2,2623.8,,,,,,730.1,730.1,4.27,,,,,,,,,,,,,,,
Part,pmr9kv1df1ubjl,Armor,PROTOTYPE ARMOR,,1,,Crafted,Observed,250,250,1500,,,,,,,,,,,,,,,,,,,,,,,,
Part,pmr9kv40n1vu5d,Armor,PROTOTYPE ARMOR,,1,,Crafted,Observed,250,250,1500,,,,,,,,,,,,,,,,,,,,,,,,
Part,pmr9kvjzh1wmdh,Capacitor,PROTOTYPE CAPACITOR,,1,,Crafted,Observed,100,200,1500,2000,,,,,,,,,500,20,,,,,,,,,,,,,
Part,pmr9kw0sp1x8cd,Weapon,PROTOTYPE WEAPON,,1,,Crafted,Observed,100,200,1500,2000,,,,,,,,,,,,,,,,,330,420,0.5,0.5,17,0.34,
Part,pmrqhvrjx0o4q,Main Reactor,SOBAAN INDUSTRIES AURORA CLASS MKYVI REACTOR,6,6,,REed,Observed,649.9,649.9,8813.3,,26847,,,,,,,,,,,,,,,,,,,,,,
Part,pmr9kwus21z6yq,Engine,-PROGENITOR- MANDALMOTORS MKIV HO STARDRIVE (MAX TS),,7,,Crafted,Observed,219.6,438.4,16203.8,2027.9,,72.2,72.2,70.5,107,,,,,,,,,,,,,,,,,,
Part,pmr9kylgu20ewz,Shield,GRIMTECH IY DEFLECTORMAX SHIELD GENERATOR,,7,,Crafted,Observed,435.9,872.1,16639.4,3061.5,,,,,,1957.5,1957.5,11.46,,,,,,,,,,,,,,,
Part,pmr9kyx5f21dhh,Armor,SubPro Improved Standard Durasteel,5,5,,Looted,Observed,686.1,686.1,6665,,,,,,,,,,,,,,,,,,,,,,,,
Part,pmrqvaa6uf207,Capacitor,DEEPWELL PROTOTYPE GAMMA MKY (RECHARGE)(-51-),,5,,Crafted,Observed,147.4,294.6,6635,1665.5,,,,,,,,,1140.3,54.6,,,,,,,,,,,,,
Part,pmr9l0n3r23e6t,Booster,NOYALDEX HYPERNOYA STARSHIP BODSTER,4,4,,REed,Observed,349.8,349.8,3023.8,432,,,,,,,,,,,2059.2,51.5,144.3,37.8,26.1,,,,,,,,
Part,pmr9l3ton2415m,Weapon,-PROGENITOR- MKVIII HAYOC EXPIRIMENTAL BORSTEL (PERFECT EPS),,8,,Crafted,Observed,686.9,687.6,23830.9,1731.1,,,,,,,,,,,,,,,,,2288.4,3552.1,0.67,0.67,7,0.42,
Part,pmr9l3x8125jbg,Weapon,-PROGENITOR- MKVIII HAYOC EXPIRIMENTAL BORSTEL (PERFECT EPS),,8,,Crafted,Observed,686.9,687.6,23830.9,1731.1,,,,,,,,,,,,,,,,,2288.4,3552.1,0.67,0.67,7,0.41,
Part,pmr9l48cl2625b,Weapon,-LOKI- ADVANCED BLASTER (GREEN),,7,,Crafted,Observed,452.5,905.3,14476.5,2395.2,,,,,,,,,,,,,,,,,1438.7,2927,0.69,0.69,21.9,0.35,
Part,pmr9l548g27svh,Main Reactor,PROTOTYPE REACTOR,,1,,Crafted,Observed,100,200,1500,,8000,,,,,,,,,,,,,,,,,,,,,,
Part,pmr9l9j2s281v8,Weapon,Corellian Beamrail Gauss Cannon,10,10,Fighter,Looted,Observed,687.3,687.3,65998,2362.6,,,,,,,,,,,,,,,,,2379.5,3949.9,0.753,0.498,32,0.423,
Part,pmr9lar7t29r3h,Main Reactor,"Sienar Design Systems ""Secret Ops"" Reactor",10,10,Fighter,Looted,Observed,1125.1,1125.1,38149.7,,27853.6,,,,,,,,,,,,,,,,,,,,,,
Part,pmrax1d8j0bwk,Shield,Taim Torton Heavy Shield,10,10,Fighter,Looted,Observed,683.4,683.4,95186.5,3990.3,,,,,,3316.8,2418.4,15.49,,,,,,,,,,,,,,,
Part,pmrcng5ae08ns,Weapon,ArMek SW-7a Ion Cannon,8,8,,Looted,Observed,526.9,526.9,26678.3,2224.5,,,,,,,,,,,,,,,,,2120.6,2824.7,0.643,0.645,32,0.44,
Part,pmrcnh0lx1f5j,Weapon,MandalMotors Heavy Annihilator,8,8,,Looted,Observed,590.1,590.1,32192.6,2481.6,,,,,,,,,,,,,,,,,1924.9,2928.3,0.635,0.643,32.7,0.421,
Part,pmrcnhshp2hqg,Weapon,Taim & Bak KX8 Laser Cannon,7,7,,Looted,Observed,389.4,389.4,16257.1,2294.3,,,,,,,,,,,,,,,,,1632,2449.6,0.613,0.47,25.6,0.336,
Part,pmri4710qz1lb,Shield,"Mon Calamari Deluxe ""Ion-Web B"" Deflector Shields",3,3,,Looted,Observed,172.6,172.6,2479.8,2303.5,,,,,,555.2,576.7,4.34,,,,,,,,,,,,,,,
Part,pmrcnjzn14rlg,Capacitor,"SubPro ""Dauntless"" Z3 Capacitor",8,8,,Looted,Observed,692.2,692.2,31796.2,1035.8,,,,,,,,,1092.5,36.3,,,,,,,,,,,,,
Part,pmrcnlera5jj9,Shield,Armek Plasma Shell S3 Shield Generator,5,4,,Looted,Observed,325.4,325.4,6893.1,2892.8,,,,,,804.9,774.4,5.73,,,,,,,,,,,,,,,
Part,pmrcnlycu65ej,Booster,Koensayr Charged Advanced Booster,8,8,,Looted,Observed,656.8,656.8,22826.6,657.5,,,,,,,,,,,1996.5,51.7,197.2,39.6,30.9,,,,,,,,
Part,pmrcnmh0y72bd,Main Reactor,Mon Calamari Overdriver S2 Reactor,6,6,,Looted,Observed,535.7,535.7,11798.1,,20995.2,,,,,,,,,,,,,,,,,,,,,,
Part,pmrcnn6tf8khh,Main Reactor,"Watto's ""Sunray"" Mark III Reactor",4,4,,Looted,Observed,273,273,4168.7,,15360.2,,,,,,,,,,,,,,,,,,,,,,
Part,pmrcoccpu94u6,Shield,Sienar Fleet Systems Limited Advanced Shields,6,6,,Looted,Observed,391.1,391.1,10475,3023.6,,,,,,704.1,1202.7,8.54,,,,,,,,,,,,,,,
Part,pmrcr8vjj0on5,Shield,Susto's Incom Rayshield Z5,6,6,,REed,Observed,491.9,491.9,9284.3,1726.4,,,,,,1766.3,1766.3,11.49,,,,,,,,,,,,,,,
Part,pmrcrlhtg1t7w,Shield,Sienar Fleet Systems Limited Advanced Shields,6,6,,Looted,Observed,394,394,10812.1,3050.8,,,,,,1104.7,1047.8,9.28,,,,,,,,,,,,,,,
Part,pmrcrm5fj2rvs,Shield,Armek Plasma Shell S6 Shield Generator,6,6,,Looted,Observed,534.1,534.1,15813.2,3306.5,,,,,,762.2,1094,8.55,,,,,,,,,,,,,,,
Part,pmrd3bty808de,Main Reactor,MandalMotors DXR-6 Reactor,8,6,,Looted,Observed,746.1,746.1,36584.8,,27435.8,,,,,,,,,,,,,,,,,,,,,,
Part,pmrd3cc3h1dnq,Main Reactor,MandalMotors DXR-6 Reactor,8,6,,Looted,Observed,717.9,717.9,34406,,28129.1,,,,,,,,,,,,,,,,,,,,,,
Part,pmrd3cxmu2nob,Engine,Incom Heavy Fusialthrust,5,5,,Looted,Observed,307.6,307.6,7568.4,1757.2,,47.7,52.3,51.1,60,,,,,,,,,,,,,,,,,,
Part,pmrd3dic23lrf,Engine,Kuat Systems Engineering A-7X Engines,5,5,,Looted,Observed,304.3,304.3,6716.2,1836.1,,50.9,50.6,51.9,53.5,,,,,,,,,,,,,,,,,,
Part,pmrd3ell54r8y,Weapon,SubPro Modified Tri-Cannon,4,4,,Looted,Observed,223.5,223.5,4053.8,2220.7,,,,,,,,,,,,,,,,,759.9,922.2,0.61,0.619,26.4,0.411,
Part,pmrd3fysk52qg,Shield,(Unknown) Proton Projector Shield,2,2,,Looted,Observed,89.9,89.9,2092.6,2558.4,,,,,,234.8,261,2.21,,,,,,,,,,,,,,,
Part,pmre5zkej8fp2,Armor,Koensayr Special Supreme Durasteel,8,8,,Looted,Observed,1304.9,1304.9,20667.4,,,,,,,,,,,,,,,,,,,,,,,,
Part,pmre5zkej9tz8,Armor,MandalMotors Reinforced Advanced Composite,8,8,,Looted,Observed,1720.7,1720.7,21397,,,,,,,,,,,,,,,,,,,,,,,,
Part,pmre5zkejaxk2,Engine,Mon Calamari Charged Standard Engine,4,4,,Looted,Observed,213,213,3894.5,1660.3,,59.7,62.5,62.3,60.9,,,,,,,,,,,,,,,,,,
Part,pmre5zkekbbca,Booster,Surronian Accelerator Mark I,6,6,,Looted,Observed,479.1,479.1,10031.5,473,,,,,,,,,,,1815,42.4,177.9,36.8,27.4,,,,,,,,
Part,pmre5zkekcwyu,Booster,Corellian Engineering Corp. TJH-3 Starship Boosters,1,1,,Looted,Observed,75.3,75.3,721.8,522.6,,,,,,,,,,,1000,24.4,96.6,20.3,14.9,,,,,,,,
Part,pmre5zkekda3x,Main Reactor,Kuat Systems Engineering Custom LX-11 Reactor,2,2,,Looted,Observed,108.7,108.7,2679.2,,10471.8,,,,,,,,,,,,,,,,,,,,,,
Part,pmre5zkekefjg,Shield,"Mon Calamari ""Ion-Web A"" Deflector Shields",1,1,,Looted,Observed,84.1,84.1,1318.1,2655,,,,,,186.3,219.4,1.56,,,,,,,,,,,,,,,
Part,pmre5zkekfjua,Shield,Kuat Systems Engineering Mark I Military Shield Generator,1,1,,Looted,Observed,74.8,74.8,1020.5,2381.1,,,,,,,216.8,1.66,,,,,,,,,,,,,,,
Part,pmrf404vcgme0,Shield,Koensayr Deflector Advanced,8,8,,Looted,Observed,586.1,586.1,37576.4,1039,,,,,,1638,1550.3,13.34,,,,,,,,,,,,,,,
Part,pmrf42u7ghwat,Main Reactor,"-IFY- MANDALMOTORS FUSION REACTOR (NO SUBS, 83% Mass, 61% Gen)",,9,Fighter,Crafted,Observed,515,1026.9,18441.2,,22477.2,,,,,,,,,,,,,,,,,,,,,,
Part,pmrf44nwpidn7,Engine,-IFY- EXPERIMENTAL STARFIGHTER ENGINE,,9,Fighter,Crafted,Observed,,1032.1,25091,1910.7,,63.1,63.1,57.3,117,,,,,,,,,,,,,,,,,,
Part,pmrf45nv4jz2x,Armor,-IFY- MANDALMOTORS ARMOR PLATING (POOR MAN A7,,7,,Crafted,Observed,1613.5,902.5,6677.3,,,,,,,,,,,,,,,,,,,,,,,,
Part,pmrf4b4c5ktnx,Weapon,-LETS- SUN DISSOLVING TOOL X,10,10,Fighter,REed,Observed,876.4,876.4,31318.2,1363,,,,,,,,,,,,,,,,,3437.8,5787.6,0.88,0.88,21.9,0.344,
Part,pmrf4dhuulq5x,Engine,-LETS- SINGULARITY ROCKET CONUNDRUM V1,6,6,,REed,Observed,432.5,432.5,6930.2,1128.7,,73.2,735.7,76,103.6,,,,,,,,,,,,,,,,,,
Part,pmrfj1o9smt6v,Booster,"Koensayr ""Racer"" Mark I Booster",5,5,,Looted,Observed,326.6,326.6,6750,520,,,,,,,,,,,1209.9,28.7,124.7,24.8,18.8,,,,,,,,
Part,pmrfj1o9sndzt,Armor,Sienar Enhanced Plastisteel Armor,1,1,,Looted,Observed,195.3,195.3,895.2,,,,,,,,,,,,,,,,,,,,,,,,
Part,pmrfj1o9soqhk,Shield,Koensayr Deflector Shield M2,3,3,,Looted,Observed,175.8,175.8,3191.5,2270.4,,,,,,449.5,499.8,3.72,,,,,,,,,,,,,,,
Part,pmrfj1o9spey4,Booster,"Incom Deluxe ""Fynock"" Boosters",8,8,,Looted,Observed,691.7,691.7,23702.7,662.1,,,,,,,,,,,1996.6,49,179.2,40.3,30.3,,,,,,,,
Part,pmrfj1o9sqb7v,Weapon,Corellian 1D Servo Turrets,7,7,,Looted,Observed,487.5,487.5,19147.4,2182.1,,,,,,,,,,,,,,,,,1541,2756.6,0.51,0.472,26.9,0.344,
Part,pmrfj1o9srdsj,Main Reactor,"Slayn & Korpil ""Vortex"" Mk3 Reactor",7,7,,Looted,Observed,458.8,458.8,22069.7,,26166.8,,,,,,,,,,,,,,,,,,,,,,
Part,pmrfj1o9sstrc,Shield,Gallofree Defender Elite Shield Generator,10,10,Fighter,Looted,Observed,688.2,688.2,64620.9,4120.8,,,,,,2043,1965.3,14.72,,,,,,,,,,,,,,,
Part,pmrfj8b3gukfm,Droid Interface,MARK I DROID INTERFACE ~ND,,1,,Crafted,Observed,69.1,138,399.6,580.5,,,,,,,,,,,,,,,,27.1,,,,,,,
Part,pmri3jop2xpy1,Weapon,MandalMotors Light Blaster,1,1,,Looted,Observed,90,90,1199.9,2400,,,,,,,,,,,,,,,,,348,468,0.5,0.5,20.4,0.34,
Part,pmri43rdgyqrk,Shield,Kuat Systems Engineering Mark II Military Shield Generator,3,3,,Looted,Observed,172.8,172.8,2982.3,2489.2,,,,,,420.2,422.3,3.79,,,,,,,,,,,,,,,
Part,pmri48bq8101zn,Shield,"Mon Calamari Deluxe ""Ion-Web B"" Deflector Shields",3,3,,Looted,Observed,178.8,178.8,3232.4,3065.1,,,,,,529,585.2,3.23,,,,,,,,,,,,,,,
Part,pmri4vmqx1152g,Weapon,Mon Calamari Light Blaster,2,2,,Looted,Observed,90.3,90.3,1698.5,1848.7,,,,,,,,,,,,,,,,,378.9,496.8,0.639,0.63,22.5,0.411,
Part,pmri4xx9712vsi,Engine,Corellian Mark I Cruiser-Grade Starship Engines,1,1,,Looted,Observed,79.4,79.4,1058.5,1505.6,,46,46.4,42.2,39.7,,,,,,,,,,,,,,,,,,
Part,pmri4zn9k13alp,Engine,Surronian A2 Grade Engine,2,2,,Looted,Observed,103.4,103.4,1617,1613.5,,55.3,56.2,52.7,53.4,,,,,,,,,,,,,,,,,,
Part,pmri4zn9k14ijz,Engine,SoroSuub Tuned L-337 Ion Engine,2,2,,Looted,Observed,93.8,93.8,1569.2,1540.8,,56.4,57.5,57.5,60.7,,,,,,,,,,,,,,,,,,
Part,pmri56zqs15eq9,Weapon,Incom Advanced Blaster,6,6,,Looted,Observed,362.1,362.1,10230.5,2482.9,,,,,,,,,,,,,,,,,1162.7,2172.8,0.622,0.635,31.4,0.425,
Part,pmri59hc716lnk,Weapon,"Hoersch-Kessel ""Scorcher"" Cannon",4,4,,Looted,Observed,232.1,232.1,4431.3,2177.9,,,,,,,,,,,,,,,,,760.2,1132.9,0.608,0.623,25.3,0.438,
Part,pmri5a4z017aza,Weapon,"Hoersch-Kessel ""Scorcher Heavy""",7,7,,Looted,Observed,471.2,471.2,22982.8,2088.4,,,,,,,,,,,,,,,,,1524.8,2375.9,0.591,0.596,31.9,0.384,
Part,pmri5dtil18pyv,Shield,Kuat Systems Engineering Mark VI Deflector Shields,8,8,,Looted,Observed,554.5,554.5,36236.1,2861.4,,,,,,1314.1,1055,9.82,,,,,,,,,,,,,,,
Part,pmri5g1b4193m5,Shield,Koensayr Deflector Shield M2,3,3,,Looted,Observed,172,172,3053.9,2194.3,,,,,,553.1,416.2,3.92,,,,,,,,,,,,,,,
Part,pmri5hrwz1axvk,Booster,Kuat Systems Engineering BTI-3 Boosters,7,7,,Looted,Observed,463.2,463.2,13406.5,553.9,,,,,,,,,,,1330.9,32.1,140.5,26.4,19.9,,,,,,,,
Part,pmri5jh2m1bqcm,Booster,"MandalMotors ""M Series"" Booster",4,4,,Looted,Observed,336.4,336.4,3150.1,450,,,,,,,,,,,1980,49.5,198,36.3,25,,,,,,,,
Part,pmri5khn71c5r6,Booster,SoroSuub Mark IV Liberator Boosters,7,7,,Looted,Observed,466.6,466.6,14974.5,579.4,,,,,,,,,,,1331,32.5,128.7,27.1,20,,,,,,,,
Part,pmrietysj1d7vw,Weapon,GRIMTECH III BLASTER (GREEN),,5,,Crafted,Observed,307.5,614.2,5805.4,2269.3,,,,,,,,,,,,,,,,,1026.6,1883.4,0.68,0.68,21.1,0.351,
Part,pmrieugkm1eo0n,Shield,GRIMTECH III DEFLECTOR SHIELD GENERATOR,,5,,Crafted,Observed,296.4,592.8,6535.7,2848.9,,,,,,1218.2,1218.2,9.36,,,,,,,,,,,,,,,
Part,pmrif8tce1f6rl,Engine,A-TECH MARK 111 STARFIGHTER ENGINE,,5,,Crafted,Observed,297.9,595.9,6672,1752,,69.1,68.8,62.9,89,,,,,,,,,,,,,,,,,,
Part,pmshot0001,Shield,Mark I Shield Generator,,1,,Crafted,Observed,69.8,139.9,1071,2156.5,,,,,,323.9,323.9,1.53,,,,,,,,,,,,,,,
Part,pmshot0002,Shield,Mark I Shield Generator,,1,,Crafted,Observed,69.3,138.8,1078.1,2186.8,,,,,,200,200,2.32,,,,,,,,,,,,,,,
Part,pmshot0003,Shield,Mark II Deflector Shield Generator,,3,,Crafted,Observed,159.7,318.9,2688.6,2298,,,,,,429.7,429.7,5.96,,,,,,,,,,,,,,,
Part,pmshot0004,Shield,Mark II Deflector Shield Generator,,3,,Crafted,Observed,160.4,320.4,2677.5,2290.5,,,,,,744,744,3.52,,,,,,,,,,,,,,,
Part,pmshot0005,Shield,Mark III Deflector Shield Generator,,5,,Crafted,Observed,295.3,590.6,6688.6,2418.9,,,,,,805.4,803.1,11.4,,,,,,,,,,,,,,,
Part,pmshot0006,Shield,Mark III Deflector Shield Generator,,5,,Crafted,Observed,295,590,6694.2,2424.8,,,,,,1369.5,1369.5,6.48,,,,,,,,,,,,,,,
Part,pmshot0007,Shield,Mark IV Deflector Shield Generator,,7,,Crafted,Observed,428.8,857.9,16876.3,2572.7,,,,,,1095.2,1101.7,16.65,,,,,,,,,,,,,,,
Part,pmshot0008,Shield,Mark IV Deflector Shield Generator,,7,,Crafted,Observed,433.9,868,16707.5,2558.1,,,,,,2015.6,2015.6,9.55,,,,,,,,,,,,,,,
Part,pmshot0009,Shield,Mark V Deflector Shield Generator,,9,Fighter,Crafted,Observed,509.8,1018.7,41883.9,2685.3,,,,,,1358.1,1360,19.96,,,,,,,,,,,,,,,
Part,pmshot0010,Shield,Mark V Deflector Shield Generator,,9,Fighter,Crafted,Observed,510,1019,44843.1,2682.8,,,,,,2792.9,2792.9,13.65,,,,,,,,,,,,,,,
Part,pmshot0011,Engine,MandalMotors High Output Engine Prototype I,,1,,Crafted,Observed,35.2,70.7,1633.3,1763.5,,58.6,58.6,52.9,68,,,,,,,,,,,,,,,,,,
Part,pmshot0012,Engine,MandalMotors High Output Engine Prototype II,,3,,Crafted,Observed,80.9,161.4,3749.6,1861.7,,64.8,64.8,58.1,80,,,,,,,,,,,,,,,,,,
Part,pmshot0013,Engine,MandalMotors High Output Engine Prototype III,,5,,Crafted,Observed,149,297.6,6373.2,1939.6,,64.2,64.2,64.3,93,,,,,,,,,,,,,,,,,,
Part,pmshot0014,Engine,MandalMotors High Output Engine Prototype IV,,7,,Crafted,Observed,219.3,438,14855.3,2165,,59.2,59.2,59.2,109,,,,,,,,,,,,,,,,,,
Part,pmshot0015,Engine,MandalMotors High Output Engine Prototype V,,9,Fighter,Crafted,Observed,253.9,507.7,32089,2647.7,,60.3,60.3,60.3,125,,,,,,,,,,,,,,,,,,
Part,pmshot0016,Engine,MandalMotors High Output Engine Prototype V,,9,Fighter,Crafted,Observed,254.4,508.5,35816.8,2120.4,,80,80.6,74.2,95.8,,,,,,,,,,,,,,,,,,
Part,pmshot0017,Main Reactor,"Koensayr Reactor ""Star Synthesis"" Archetype E",,9,Fighter,Crafted,Observed,257.7,513.9,38640.9,,45551.7,,,,,,,,,,,,,,,,,,,,,,
Part,pmshot0018,Main Reactor,"Koensayr Reactor ""Star Synthesis"" Archetype D",,7,,Crafted,Observed,216.8,430.9,12930.6,,24677.6,,,,,,,,,,,,,,,,,,,,,,
Part,pmshot0019,Main Reactor,"Koensayr Reactor ""Star Synthesis"" Archetype A",,1,,Crafted,Observed,35.1,70.4,1113,,12622,,,,,,,,,,,,,,,,,,,,,,
Part,pmshot0020,Main Reactor,Mark I Fusion Reactor,,1,,Crafted,Observed,70.1,140.3,745,,11577.4,,,,,,,,,,,,,,,,,,,,,,
Part,pmshot0021,Main Reactor,Mark I Fusion Reactor,,1,,Crafted,Observed,70.1,140.2,1205,,12725,,,,,,,,,,,,,,,,,,,,,,
Part,pmshot0022,Main Reactor,Mark II Fusion Reactor,,3,,Crafted,Observed,161.1,321.4,3001.1,,13625,,,,,,,,,,,,,,,,,,,,,,
Part,pmshot0023,Main Reactor,Mark II Fusion Reactor,,3,,Crafted,Observed,161.2,321.4,2050.1,,12117.9,,,,,,,,,,,,,,,,,,,,,,
Part,pmshot0024,Main Reactor,Mark III Fusion Reactor,,5,,Crafted,Observed,295.3,588.5,4906,,12084.7,,,,,,,,,,,,,,,,,,,,,,
Part,pmshot0025,Main Reactor,Mark III Fusion Reactor,,5,,Crafted,Observed,296.4,591.8,7579.4,,14970,,,,,,,,,,,,,,,,,,,,,,
Part,pmshot0026,Main Reactor,Mark IV Fusion Reactor,,7,,Crafted,Observed,436,870.1,11589.5,,18085,,,,,,,,,,,,,,,,,,,,,,
Part,pmshot0027,Main Reactor,Mark IV Fusion Reactor,,7,,Crafted,Observed,432.9,862.1,4695.7,,15087.6,,,,,,,,,,,,,,,,,,,,,,
Part,pmshot0028,Main Reactor,Mark V Fusion Reactor,,9,Fighter,Crafted,Observed,510.3,1014.9,24984.8,,21748.3,,,,,,,,,,,,,,,,,,,,,,
Part,pmshot0029,Main Reactor,Mark V Fusion Reactor,,9,Fighter,Crafted,Observed,514,1024.2,44820.5,,27450,,,,,,,,,,,,,,,,,,,,,,
Part,pmshot0030,Engine,Mark I Starfighter Engine,,1,,Crafted,Observed,70,140.2,1535.5,1597.5,,57.3,57.3,52.3,65,,,,,,,,,,,,,,,,,,
Part,pmshot0031,Engine,Mark I Starfighter Engine,,1,,Crafted,Observed,70,140.3,1519.1,1536.1,,63.4,63.3,63,47.9,,,,,,,,,,,,,,,,,,
Part,pmshot0032,Engine,Mark I Starfighter Engine,,1,,Crafted,Observed,69.8,139.9,696.2,1319.7,,45.7,45.7,45.7,44.5,,,,,,,,,,,,,,,,,,
Part,pmshot0033,Engine,Mark II Starfighter Engine,,3,,Crafted,Observed,160.5,320.5,1740.5,1425.6,,49,49,49,52.3,,,,,,,,,,,,,,,,,,
Part,pmshot0034,Engine,Mark II Starfighter Engine,,3,,Crafted,Observed,161.1,321.7,2534.5,1613.9,,65.9,65.9,65.4,61.5,,,,,,,,,,,,,,,,,,
Part,pmshot0035,Engine,Mark II Starfighter Engine,,3,,Crafted,Observed,160.8,321.2,3497.5,1677.3,,63,62.9,57.6,77,,,,,,,,,,,,,,,,,,
Part,pmshot0036,Engine,Mark III Starfighter Engine,,5,,Crafted,Observed,297.5,595,6680.2,1781.7,,68.6,68.6,62.5,89,,,,,,,,,,,,,,,,,,
Part,pmshot0037,Engine,Mark III Starfighter Engine,,5,,Crafted,Observed,291.5,583,6793.3,1589.4,,74.3,75.7,75.7,65,,,,,,,,,,,,,,,,,,
Part,pmshot0038,Engine,Mark III Starfighter Engine,,5,,Crafted,Observed,288.3,576.7,4640.2,2156.8,,54.1,54.1,54.1,85.2,,,,,,,,,,,,,,,,,,
Part,pmshot0039,Engine,Mark IV Starfighter Engine,,7,,Crafted,Observed,429.1,858.5,11229,2277.3,,57.6,57.6,57.6,96.5,,,,,,,,,,,,,,,,,,
Part,pmshot0040,Engine,Mark IV Starfighter Engine,,7,,Crafted,Observed,433.8,867.8,14694,1705.8,,80.7,80.7,73.1,89.9,,,,,,,,,,,,,,,,,,
Part,pmshot0041,Engine,Mark IV Starfighter Engine,,7,,Crafted,Observed,435.5,871.2,13322.9,2253.4,,61.1,60.7,60.7,104,,,,,,,,,,,,,,,,,,
Part,pmshot0042,Engine,Mark V Starfighter Engine,,9,Fighter,Crafted,Observed,513.6,1026.2,33292.5,2398.9,,65,65,60.8,120,,,,,,,,,,,,,,,,,,
Part,pmshot0043,Engine,Mark V Starfighter Engine,,9,Fighter,Crafted,Observed,513.4,1025.8,34664.4,1733.6,,84.8,85.2,79.3,82.4,,,,,,,,,,,,,,,,,,
Part,pmshot0044,Engine,Mark V Starfighter Engine,,9,Fighter,Crafted,Observed,515.1,1029.2,26668.6,1921.7,,60.8,60.8,60.8,100.9,,,,,,,,,,,,,,,,,,
Part,pmshot0045,Capacitor,Deepwell Capacitor Prototype Alpha,,1,,Crafted,Observed,35.1,70.4,1055.7,1494.4,,,,,,,,,1006.3,46,,,,,,,,,,,,,
Part,pmshot0046,Capacitor,Deepwell Capacitor Prototype Beta,,3,,Crafted,Observed,81.2,162,2632.6,1570.5,,,,,,,,,1101,49,,,,,,,,,,,,,
Part,pmshot0047,Capacitor,Deepwell Capacitor Prototype Delta,,7,,Crafted,Observed,219,437.3,16435.8,1719.7,,,,,,,,,1412,61,,,,,,,,,,,,,
Part,pmshot0048,Capacitor,Deepwell Capacitor Prototype Epsilon,,9,Fighter,Crafted,Observed,246.9,493.6,40985.9,1793.2,,,,,,,,,1527.1,71,,,,,,,,,,,,,
Part,pmshot0049,Capacitor,Deepwell Capacitor Prototype Epsilon,,9,Fighter,Crafted,Observed,256.6,512.8,41254.2,2092.2,,,,,,,,,1914.5,63.9,,,,,,,,,,,,,
Part,pmshot0050,Capacitor,Deepwell Capacitor Prototype Gamma,,5,,Crafted,Observed,142.4,284.7,6568.3,1643.8,,,,,,,,,1152.2,55,,,,,,,,,,,,,
Part,pmshot0051,Capacitor,Deepwell Capacitor Prototype Gamma,,5,,Crafted,Observed,148.7,297.2,6585,1848.1,,,,,,,,,1701,43.5,,,,,,,,,,,,,
Part,pmshot0052,Capacitor,Mark I Weapons Capacitor,,1,,Crafted,Observed,70.1,140.5,960.2,1060.7,,,,,,,,,649.3,41,,,,,,,,,,,,,
Part,pmshot0053,Capacitor,Mark I Weapons Capacitor,,1,,Crafted,Observed,70.2,140.7,958.7,1160.9,,,,,,,,,974,30,,,,,,,,,,,,,
Part,pmshot0054,Capacitor,Mark I Weapons Capacitor,,1,,Crafted,Observed,69,138.1,812.5,1182.7,,,,,,,,,812.4,27.7,,,,,,,,,,,,,
Part,pmshot0055,Capacitor,Mark I Weapons Capacitor,,1,,Crafted,Observed,69.7,139.8,834.1,935,,,,,,,,,700.7,28.3,,,,,,,,,,,,,
Part,pmshot0056,Capacitor,Mark II Weapons Capacitor,,3,,Crafted,Observed,160.3,320.2,2033.7,1026.4,,,,,,,,,772,32.4,,,,,,,,,,,,,
Part,pmshot0057,Capacitor,Mark II Weapons Capacitor,,3,,Crafted,Observed,160.9,321.3,2404.2,1115,,,,,,,,,720.7,43,,,,,,,,,,,,,
Part,pmshot0058,Capacitor,Mark II Weapons Capacitor,,3,,Crafted,Observed,161.4,322.4,2397.3,1268.7,,,,,,,,,1070.9,33.7,,,,,,,,,,,,,
Part,pmshot0059,Capacitor,Mark III Weapons Capacitor,,5,,Crafted,Observed,296.8,593.7,5992,1374.7,,,,,,,,,1180,37,,,,,,,,,,,,,
Part,pmshot0060,Capacitor,Mark III Weapons Capacitor,,5,,Crafted,Observed,293.4,586.8,5935.3,1166.9,,,,,,,,,729.8,49,,,,,,,,,,,,,
Part,pmshot0061,Capacitor,Mark III Weapons Capacitor,,5,,Crafted,Observed,292.1,584.2,5047,1391.2,,,,,,,,,984.9,34.7,,,,,,,,,,,,,
Part,pmshot0062,Capacitor,Mark III Weapons Capacitor,,5,,Crafted,Observed,289.8,579.6,6116.9,1018.5,,,,,,,,,795.6,37.8,,,,,,,,,,,,,
Part,pmshot0063,Capacitor,Mark IV Weapons Capacitor,,7,,Crafted,Observed,436.8,873.9,14948.9,1220.4,,,,,,,,,889.3,54,,,,,,,,,,,,,
Part,pmshot0064,Capacitor,Mark IV Weapons Capacitor,,7,,Crafted,Observed,430.1,860.4,12561.9,1493.4,,,,,,,,,1142.4,38.6,,,,,,,,,,,,,
Part,pmshot0065,Capacitor,Mark IV Weapons Capacitor,,7,,Crafted,Observed,436.6,873.4,14955.9,1477.3,,,,,,,,,1351.6,40.7,,,,,,,,,,,,,
Part,pmshot0066,Capacitor,Mark V Weapons Capacitor,,9,Fighter,Crafted,Observed,508.3,1015.7,37053.9,1617.6,,,,,,,,,1470.4,43.6,,,,,,,,,,,,,
Part,pmshot0067,Capacitor,Mark V Weapons Capacitor,,9,Fighter,Crafted,Observed,514.3,1027.6,37409.2,1272.9,,,,,,,,,1017.8,63,,,,,,,,,,,,,
Part,pmshot0068,Capacitor,Mark V Weapons Capacitor,,9,Fighter,Crafted,Observed,508.7,1016.4,31137.5,1625.3,,,,,,,,,1267.2,43.4,,,,,,,,,,,,,
Part,pmshot0069,Capacitor,Mark V Weapons Capacitor,,9,Fighter,Crafted,Observed,514,1027,37430.5,1272.8,,,,,,,,,1017.9,63,,,,,,,,,,,,,
Part,pmshot0070,Engine,Mark III Starfighter Engine,,5,,Crafted,Observed,296.2,592.3,6698.2,1538.3,,73,73.5,73,71.9,,,,,,,,,,,,,,,,,,
Part,pmshot0071,Engine,Mark IV Starfighter Engine,,7,,Crafted,Observed,434.6,869.5,13346.1,1277.3,,58.1,58.1,58.1,80,,,,,,,,,,,,,,,,,,
Part,pmshot0072,Engine,Mark V Starfighter Engine,,9,Fighter,Crafted,Observed,512.3,1023.7,33365.3,1261,,60.7,60.7,60.7,94,,,,,,,,,,,,,,,,,,
Part,pmshot0073,Booster,Kuat Drive Yard Experimental Booster BR-1x,,1,,Crafted,Observed,69.1,136.5,850.3,627.9,,,,,,,,,,,929.6,36.7,125.1,17.3,20.6,,,,,,,,
Part,pmshot0074,Booster,Kuat Drive Yard Experimental Booster BR-2x,,3,,Crafted,Observed,152.8,305.9,2579.7,665.8,,,,,,,,,,,1195.8,26.1,112.1,34.3,31.3,,,,,,,,
Part,pmshot0075,Booster,Kuat Drive Yard Experimental Booster BR-3x,,5,,Crafted,Observed,276.7,553.2,4664.7,674.5,,,,,,,,,,,1060.5,26.3,150.7,35.7,40.8,,,,,,,,
Part,pmshot0076,Booster,Kuat Drive Yard Experimental Booster BR-4x,,7,,Crafted,Observed,419.4,839.6,15739,693.7,,,,,,,,,,,1219.8,30.1,115.1,51.8,48,,,,,,,,
Part,pmshot0077,Booster,Kuat Drive Yard Experimental Booster BR-4x,,7,,Crafted,Observed,423.7,848.2,9497.1,720.1,,,,,,,,,,,1149.4,28.3,140.5,42,41,,,,,,,,
Part,pmshot0078,Booster,Kuat Drive Yard Experimental Booster BR-5x,,9,Fighter,Crafted,Observed,501.8,1004,26998,723.5,,,,,,,,,,,1316.7,33,178.8,48.4,53.1,,,,,,,,
Part,pmshot0079,Booster,Mark V Booster,,9,Fighter,Crafted,Observed,472.7,945.6,39303.5,733.2,,,,,,,,,,,1294.8,32.5,137.3,52.9,50.9,,,,,,,,
Part,pmshot0080,Booster,Mark I Booster,,1,,Crafted,Observed,65.1,129.1,1032.9,561,,,,,,,,,,,876.7,22.4,78.7,30.2,34,,,,,,,,
Part,pmshot0081,Booster,Mark I Booster,,1,,Crafted,Observed,63.9,126.8,808.5,549.6,,,,,,,,,,,936.6,22.9,114.7,19.6,14.5,,,,,,,,
Part,pmshot0082,Booster,Mark I Booster,,1,,Crafted,Observed,62.9,124.8,716.3,558.6,,,,,,,,,,,1231.7,14.3,125.6,14.9,14.2,,,,,,,,
Part,pmshot0083,Booster,Mark II Booster,,3,,Crafted,Observed,147.3,294.9,1332.7,600.5,,,,,,,,,,,1481.9,12.8,127.3,18.3,18.6,,,,,,,,
Part,pmshot0084,Booster,Mark II Booster,,3,,Crafted,Observed,141.6,283.4,1479.2,543.2,,,,,,,,,,,845.3,20.9,135.5,16.6,14.8,,,,,,,,
Part,pmshot0085,Booster,Mark II Booster,,3,,Crafted,Observed,145.6,291.4,2024.5,589.9,,,,,,,,,,,591.1,49.6,85.5,19,14.8,,,,,,,,
Part,pmshot0086,Booster,Mark II Booster,,3,,Crafted,Observed,148.6,297.5,2583.4,589.6,,,,,,,,,,,964.3,24,95.8,34.4,37,,,,,,,,
Part,pmshot0087,Booster,Mark III Booster,,5,,Crafted,Observed,269.1,537.9,6612.1,616.8,,,,,,,,,,,1212.3,26.3,120.8,40.3,41,,,,,,,,
Part,pmshot0088,Booster,Mark III Booster,,5,,Crafted,Observed,268.4,536.5,6152.8,653,,,,,,,,,,,1241.5,24.5,108.3,36.9,34.4,,,,,,,,
Part,pmshot0089,Booster,Mark III Booster,,5,,Crafted,Observed,278.1,556,6492.9,616.8,,,,,,,,,,,1247,29.7,137.5,39.9,40.5,,,,,,,,
Part,pmshot0090,Booster,Mark III Booster,,5,,Crafted,Observed,262.9,525.5,3601.7,695.5,,,,,,,,,,,1487.5,15.9,151.8,18,16.9,,,,,,,,
Part,pmshot0091,Booster,Mark IV Booster,,7,,Crafted,Observed,398,796.3,8258.2,699.5,,,,,,,,,,,892.9,43,161.2,21.4,15.9,,,,,,,,
Part,pmshot0092,Booster,Mark IV Booster,,7,,Crafted,Observed,389.9,780,10614.8,615.9,,,,,,,,,,,1887.6,19.7,138.2,24.8,20.1,,,,,,,,
Part,pmshot0093,Booster,Mark IV Booster,,7,,Crafted,Observed,392.7,785.5,12659.5,699.3,,,,,,,,,,,1752.4,24.9,123.1,21.4,15.9,,,,,,,,
Part,pmshot0094,Booster,Mark IV Booster,,7,,Crafted,Observed,380.3,760.9,15301.8,645.6,,,,,,,,,,,1164.4,28.8,149.7,58.7,46,,,,,,,,
Part,pmshot0095,Booster,Mark V Booster,,9,Fighter,Crafted,Observed,450.8,901.5,36933.2,673.2,,,,,,,,,,,1284.5,32.5,164,67.3,51,,,,,,,,
Part,pmshot0096,Booster,Mark V Booster,,9,Fighter,Crafted,Observed,477.1,954.2,34217,680.2,,,,,,,,,,,1818.8,32,116.6,47.5,40.6,,,,,,,,
Part,pmshot0097,Booster,Mark V Booster,,9,Fighter,Crafted,Observed,428,902.1,33357,651.5,,,,,,,,,,,1361.1,34.4,174.8,26.9,21.4,,,,,,,,
Part,pmshot0098,Booster,Mark V Booster,,9,Fighter,Crafted,Observed,472.3,944.6,20223.8,689.2,,,,,,,,,,,817.2,54,168.6,24.4,22.3,,,,,,,,
Part,pmshot0099,Weapon,Light Blaster (Green),,1,,Crafted,Observed,72.5,145.4,928.6,2085.4,,,,,,,,,,,,,,,,,261.5,463.7,0.66,0.66,16.7,0.351,
Part,pmshot0100,Weapon,Light Blaster (Red),,1,,Crafted,Observed,72.5,145.4,928.6,2085.3,,,,,,,,,,,,,,,,,261.5,463.7,0.66,0.66,16.9,0.351,
Part,pmshot0101,Weapon,Mid-Grade Blaster (Green),,3,,Crafted,Observed,167.3,334.2,2320.1,2187,,,,,,,,,,,,,,,,,547,1020.3,0.67,0.67,18.5,0.351,
Part,pmshot0102,Weapon,Mid-Grade Blaster (Red),,3,,Crafted,Observed,167.3,334.2,2320.1,2187,,,,,,,,,,,,,,,,,548.9,1020.3,0.67,0.67,18.1,0.351,
Part,pmshot0103,Weapon,Heavy Blaster (Green),,5,,Crafted,Observed,307.8,614.8,5799.9,2290.6,,,,,,,,,,,,,,,,,968,1884.6,0.68,0.68,20.1,0.351,
Part,pmshot0104,Weapon,Heavy Blaster (Red),,5,,Crafted,Observed,307.8,614.8,5799.9,2290.6,,,,,,,,,,,,,,,,,968,1884.6,0.68,0.68,20.1,0.351,
Part,pmshot0105,Weapon,Advanced Blaster (Green),,7,,Crafted,Observed,452.5,905.3,14476.5,2395.2,,,,,,,,,,,,,,,,,1442.7,2927.3,0.69,0.69,22.1,0.351,
Part,pmshot0106,Weapon,Advanced Blaster (Red),,7,,Crafted,Observed,452.5,905.3,14476.5,2395.2,,,,,,,,,,,,,,,,,1404.2,2927.3,0.69,0.69,21.9,0.351,
Part,pmshot0107,Weapon,Experimental Borstel Blaster,,8,,Crafted,Observed,686.8,687.5,24406.7,1752.3,,,,,,,,,,,,,,,,,2065.5,4107.4,0.674,0.674,15.8,0.375,
Part,pmshot0108,Weapon,Experimental Borstel Blaster,,8,,Crafted,Observed,687,687.7,24108.3,1731.3,,,,,,,,,,,,,,,,,2242.7,3470.9,0.698,0.698,7,0.414,
Part,pmshot0109,Weapon,Experimental Borstel Blaster,,8,,Crafted,Observed,687,687.7,24390,1731.3,,,,,,,,,,,,,,,,,2242.7,3470.9,0.698,0.698,16.2,0.303,
Part,pmshot0110,Weapon,Experimental Borstel Blaster,,8,,Crafted,Observed,686.6,687.3,21825.1,1730.9,,,,,,,,,,,,,,,,,2242.9,3471.4,0.674,0.674,7,0.414,
Part,pmshot0111,Weapon,Experimental Borstel Blaster,,8,,Crafted,Observed,686.8,687.5,24407.1,1199.5,,,,,,,,,,,,,,,,,2243.2,3718.4,0.67,0.67,14.1,0.37,
Part,pmshot0112,Weapon,Experimental Borstel Blaster,,8,,Crafted,Observed,687,687.7,24390,1731.3,,,,,,,,,,,,,,,,,2242.7,3470.9,0.74,0.74,12.1,0.41,
Part,pmshot0113,Weapon,Experimental Borstel Blaster,,8,,Crafted,Observed,687,687.7,24390,1731.3,,,,,,,,,,,,,,,,,2242.7,3470.9,0.705,0.705,7,0.414,
Part,pmshot0114,Weapon,Experimental Borstel Blaster,,8,,Crafted,Observed,687,687.7,24390,1731.3,,,,,,,,,,,,,,,,,2242.7,3470.9,0.705,0.705,16.7,0.303,
Part,pmshot0115,Weapon,Advanced Blaster (Green),,7,,Crafted,Observed,448.3,896.8,13571.5,2403.1,,,,,,,,,,,,,,,,,1403.1,2924.7,0.69,0.69,23.4,0.351,
Part,pmshot0116,Weapon,Advanced Blaster (Green),,7,,Crafted,Observed,452.6,905.5,14472.7,2399.9,,,,,,,,,,,,,,,,,1539.2,2635.1,0.7,0.7,16.9,0.391,
Part,pmshot0117,Weapon,Advanced Blaster (Green),,7,,Crafted,Observed,449.4,899,14422.7,2397.2,,,,,,,,,,,,,,,,,1541.2,2642.2,0.7,0.7,17,0.39,
Part,pmshot0118,Weapon,Advanced Blaster (Red),,7,,Crafted,Observed,448.3,896.8,13571.5,2403.1,,,,,,,,,,,,,,,,,1403.1,2924.7,0.69,0.69,23.4,0.351,
Part,pmshot0119,Weapon,Advanced Blaster (Red),,7,,Crafted,Observed,450.2,900.6,14545.7,2410.5,,,,,,,,,,,,,,,,,1521.2,2507.9,0.68,0.68,17.6,0.39,
Part,pmshot0120,Weapon,Advanced Blaster (Red),,7,,Crafted,Observed,450.4,901,14539.9,2372.7,,,,,,,,,,,,,,,,,1534.5,2929,0.69,0.69,23.1,0.351,
Part,pmshot0121,Weapon,Advanced Blaster (Red),,7,,Crafted,Observed,451.4,903.2,14507.9,2401.6,,,,,,,,,,,,,,,,,1604.8,2630.4,0.701,0.701,17.7,0.391,
Part,pmshot0122,Weapon,Advanced Disruptor,,7,,Crafted,Observed,450.9,902.1,14228.6,2381.5,,,,,,,,,,,,,,,,,1538.6,2633.3,0.504,0.914,23.2,0.352,
Part,pmshot0123,Weapon,Advanced Disruptor,,7,,Crafted,Observed,448.9,898.1,14583.6,2404.5,,,,,,,,,,,,,,,,,1376.3,2860.5,0.63,0.76,23.4,0.35,
Part,pmshot0124,Weapon,Advanced Ion Cannon,,7,,Crafted,Observed,448.3,896.8,14603.5,2403.1,,,,,,,,,,,,,,,,,1403.1,2924.7,0.83,0.612,23.4,0.351,
Part,pmshot0125,Weapon,Experimental Blaster (Green),,9,Fighter,Crafted,Observed,529.4,1059,34213.1,2283.1,,,,,,,,,,,,,,,,,1746.8,3543.5,0.7,0.7,26.1,0.351,
Part,pmshot0126,Weapon,Experimental Blaster (Green),,9,Fighter,Crafted,Observed,532.3,1064.9,33695,2536.6,,,,,,,,,,,,,,,,,1743,3819,0.7,0.7,26.5,0.351,
Part,pmshot0127,Weapon,Experimental Blaster (Green),,9,Fighter,Crafted,Observed,531.1,1062.5,36311.8,2484.1,,,,,,,,,,,,,,,,,1916.1,3434.4,0.709,0.709,19.6,0.399,
Part,pmshot0128,Weapon,Experimental Blaster (Red),,9,Fighter,Crafted,Observed,531.8,1063.8,36270.1,2476.2,,,,,,,,,,,,,,,,,1912.9,3098.5,0.698,0.698,17.2,0.364,
Part,pmshot0129,Weapon,Experimental Blaster (Red),,9,Fighter,Crafted,Observed,529.4,1059,36425.8,2500.9,,,,,,,,,,,,,,,,,1737.2,3811,0.715,0.715,25.8,0.351,
Part,pmshot0130,Weapon,Experimental Blaster (Red),,9,Fighter,Crafted,Observed,530.3,1060.9,36364.8,2514.8,,,,,,,,,,,,,,,,,1894.1,3269.9,0.69,0.69,19.1,0.4,
Part,pmshot0131,Weapon,Experimental Disruptor,,9,Fighter,Crafted,Observed,529.6,1059.5,36408.6,2525.8,,,,,,,,,,,,,,,,,1912.6,3421.2,0.505,0.951,26.4,0.352,
Part,pmshot0132,Weapon,Experimental Ion Cannon,,9,Fighter,Crafted,Observed,529.8,1059.8,36398.5,2475.3,,,,,,,,,,,,,,,,,1921.4,3314.1,0.986,0.511,25.8,0.351,
Part,pmshot0133,Weapon,Heavy Blaster (Red),,5,,Crafted,Observed,307.9,615,5798.1,2268.2,,,,,,,,,,,,,,,,,945.6,1878.7,0.68,0.68,19.5,0.351,
Part,pmshot0134,Weapon,Heavy Blaster (Red),,5,,Crafted,Observed,306.7,612.6,5819.2,2270.3,,,,,,,,,,,,,,,,,1016.1,1886,0.68,0.68,21.1,0.351,
Part,pmshot0135,Weapon,Heavy Disruptor,,5,,Crafted,Observed,305.6,610.4,5838.8,2293.1,,,,,,,,,,,,,,,,,947.4,1882.9,0.592,0.829,21.3,0.351,
Part,pmshot0136,Weapon,Heavy Ion Cannon,,5,,Crafted,Observed,305.6,610.4,5838.8,2293.1,,,,,,,,,,,,,,,,,947.4,1882.9,0.829,0.592,21.3,0.351,
Part,pmshot0137,Weapon,Light Blaster (Green),,1,,Crafted,Observed,71.8,144.1,937,2061.3,,,,,,,,,,,,,,,,,291.6,396.1,0.657,0.657,19.9,0.3,
Part,pmshot0138,Weapon,Light Blaster (Green),,1,,Crafted,Observed,71.7,144,937.3,2061.7,,,,,,,,,,,,,,,,,295.1,396.7,0.658,0.658,13.6,0.349,
Part,pmshot0139,Weapon,Light Blaster (Green),,1,,Crafted,Observed,71.5,143.7,859.6,1912.9,,,,,,,,,,,,,,,,,282.8,376.5,0.658,0.658,17.6,0.352,
Part,pmshot0140,Weapon,Light Blaster (Red),,1,,Crafted,Observed,72,144.4,934.6,1937.5,,,,,,,,,,,,,,,,,254,463.3,0.66,0.66,17.6,0.351,
Part,pmshot0141,Weapon,Light Blaster (Red),,1,,Crafted,Observed,71.7,144,937.3,2061.7,,,,,,,,,,,,,,,,,297.4,400.7,0.658,0.658,13.6,0.353,
Part,pmshot0142,Weapon,Light Blaster (Red),,1,,Crafted,Observed,71.5,143.7,882.6,1942.3,,,,,,,,,,,,,,,,,279.8,376.5,0.658,0.658,13.7,0.356,
Part,pmshot0143,Weapon,Light Disruptor,,1,,Crafted,Observed,71.6,143.8,938.5,2063.8,,,,,,,,,,,,,,,,,291.1,399.5,0.55,0.761,13.6,0.355,
Part,pmshot0144,Weapon,Light Disruptor,,1,,Crafted,Observed,72.1,144.8,932.6,2087.1,,,,,,,,,,,,,,,,,302.3,417.7,0.504,0.82,17.6,0.351,
Part,pmshot0145,Weapon,Light Ion Cannon,,1,,Crafted,Observed,71.8,144.1,937,2061.3,,,,,,,,,,,,,,,,,289.9,392.1,0.763,0.55,19.1,0.309,
Part,pmshot0146,Weapon,Light Ion Cannon,,1,,Crafted,Observed,72,144.6,933.8,2062.8,,,,,,,,,,,,,,,,,254.9,464,0.767,0.552,16.1,0.351,
Part,pmshot0147,Weapon,Mid-Grade Blaster (Green),,3,,Crafted,Observed,165.7,330.8,2342.2,2165.3,,,,,,,,,,,,,,,,,619.6,872.7,0.668,0.668,14.1,0.352,
Part,pmshot0148,Weapon,Mid-Grade Blaster (Green),,3,,Crafted,Observed,165.7,330.9,2341.4,2164.9,,,,,,,,,,,,,,,,,586.5,837.1,0.667,0.667,20.2,0.279,
Part,pmshot0149,Weapon,Mid-Grade Blaster (Green),,3,,Crafted,Observed,166.2,331.8,2335.6,2189,,,,,,,,,,,,,,,,,536.5,1019.6,0.701,0.67,19.3,0.351,
Part,pmshot0150,Weapon,Mid-Grade Blaster (Green),,3,,Crafted,Observed,165.8,331,2340.8,2164.6,,,,,,,,,,,,,,,,,612.5,880.8,0.667,0.667,22.9,0.291,
Part,pmshot0151,Weapon,Mid-Grade Blaster (Red),,3,,Crafted,Observed,165.7,330.9,2341.4,2164.9,,,,,,,,,,,,,,,,,638.1,908.7,0.667,0.667,14.1,0.377,
Part,pmshot0152,Weapon,Mid-Grade Blaster (Red),,3,,Crafted,Observed,165.7,330.9,2341.4,2164.9,,,,,,,,,,,,,,,,,586.5,837.1,0.667,0.667,20.2,0.279,
Part,pmshot0153,Weapon,Mid-Grade Blaster (Red),,3,,Crafted,Observed,166.7,333,2327.8,2174.1,,,,,,,,,,,,,,,,,531.1,1015.1,0.685,0.685,19.2,0.352,
Part,pmshot0154,Weapon,Mid-Grade Disruptor,,3,,Crafted,Observed,165.7,330.9,2341.4,2038.1,,,,,,,,,,,,,,,,,631,888.6,0.57,0.763,19.1,0.353,
Part,pmshot0155,Weapon,Mid-Grade Disruptor,,3,,Crafted,Observed,165.7,330.9,2341.4,2164.9,,,,,,,,,,,,,,,,,631,880.5,0.57,0.763,14.1,0.359,
Part,pmshot0156,Weapon,Mid-Grade Ion Cannon,,3,,Crafted,Observed,165.7,330.9,2341.4,2164.9,,,,,,,,,,,,,,,,,631.6,898.4,0.763,0.57,14.3,0.382,
Part,pmshot0157,Weapon,Mid-Grade Ion Cannon,,3,,Crafted,Observed,164.5,328.3,2358.5,2195.8,,,,,,,,,,,,,,,,,588.2,900.8,0.871,0.511,19.4,0.352,
Part,pmrmqz7q30fh7,Weapon,"Incom ""Tri-Cannon""",3,3,,Looted,Observed,190,190,2734.6,1859.3,,,,,,,,,,,,,,,,,625.3,773.2,0.521,0.494,21.8,0.338,
Part,pmrmr0k9815db,Weapon,Koensayr Ion-Accelerator Cannon,3,3,,Looted,Observed,174.8,174.8,2483,2099.1,,,,,,,,,,,,,,,,,650.2,912,0.489,0.472,24.4,0.343,
Part,pmrmr7kcf2s4v,Engine,Incom Advanced Fusialthrust,6,6,,Looted,Observed,385,385,8828.7,1654.2,,61.4,62.8,64.1,66.3,,,,,,,,,,,,,,,,,,
Part,pmrmr8jei36y2,Shield,Kuat Systems Engineering Mark VI Deflector Shields,8,8,,Looted,Observed,585.4,585.4,34221,2978.3,,,,,,1653.2,1651.2,11.67,,,,,,,,,,,,,,,
Part,pmrmrbbto4riz,Main Reactor,SubPro Military-Grade Reactor,6,6,,Looted,Observed,618.9,618.9,14420.3,,19001.8,,,,,,,,,,,,,,,,,,,,,,
Part,pmrpsa8gk1nvq,Weapon,Z2UES CUSTOM ELITE BLASTER MKVIII,8,8,,REed,Observed,753.5,753.5,22325.1,1659.8,,,,,,,,,,,,,,,,,2530.9,3913.7,0.71,0.71,13.3,0.37,
Part,pmrpsu00f2s3n,Shield,MoFra - ShieldMaiden VII,7,7,,REed,Observed,649.4,649.4,14038.4,1749.6,,,,,,2252.4,2252.4,15.99,,,,,,,,,,,,,,,
Part,pmrpzk64u3trt,Shield,-PROGENITOR- MKVII ELITE BASTION DEFLECTOR SCREENS,7,7,,REed,Observed,645.5,645.5,12714.2,1570.4,,,,,,2418.7,2418.7,16.91,,,,,,,,,,,,,,,
Part,pmrq0u5ww4bng,Weapon,Borstel Disruptor,8,8,,Looted,Observed,700.8,700.8,38219.1,2800,,,,,,,,,,,,,,,,,2387.8,3691.7,0.625,0.625,14.1,0.425,
Part,pmrq2c2vb5xiw,Weapon,Koensayr Ion-Accelerator 3 Cannon,6,6,,Looted,Observed,378.7,378.7,12652.3,2095.7,,,,,,,,,,,,,,,,,1333.5,2196.4,0.643,0.62,28.2,0.428,
Part,pmrqc46ce6ai4,Shield,Banth S6 Givaway,6,6,,REed,Observed,421,421,9950.6,1943.7,,,,,,1711.4,1711.4,11.14,,,,,,,,,,,,,,,
Part,pmrqe3tv374nw,Shield,Moncal Ionweb Prototype B Shield,6,6,,Looted,Observed,400.6,400.6,15308.1,2193.2,,,,,,1714.1,1727.7,11.27,,,,,,,,,,,,,,,
Part,pmrqe9d4k8en7,Shield,Reactive N Shield,6,6,,Looted,Observed,387.1,387.1,10373.1,2494.8,,,,,,943.1,1183.4,9.47,,,,,,,,,,,,,,,
Part,pmrqf0o8y9xbk,Capacitor,A,,5,,Crafted,Observed,148.5,296.7,6594.8,1644.3,,,,,,,,,1178.1,55,,,,,,,,,,,,,
Part,pmrqse8hs1d24,Engine,A-TECH ELITE PROTOTYPE DARK MATTER ENGINE,8,8,,REed,Observed,866.7,866.7,19955.7,1210,,81.7,79.8,79,112.2,,,,,,,,,,,,,,,,,,
Part,pmrqspr6c36v0,Main Reactor,A-TECH PROTOTYPE DARK MATTER REACTOR,6,6,,REed,Observed,649.9,649.9,6019.3,,27689,,,,,,,,,,,,,,,,,,,,,,
Part,pmrqsukz15hr7,Armor,A-TECH ELITE BESKAR PLATING,5,5,,REed,Observed,1164.7,1164.7,1443.3,,,,,,,,,,,,,,,,,,,,,,,,
Part,pmrqsz36n83fp,Weapon,ArMek SW-7a Ion Cannon,8,8,,Looted,Observed,517.3,517.3,18750.2,2298.5,,,,,,,,,,,,,,,,,2098.1,2843.2,0.635,0.622,38.5,0.424,
Part,pmrqt1bt09rqy,Weapon,"Cygnus ""Eradicator 1"" Disruptor",8,8,,Looted,Observed,559.2,559.2,32624.9,2523.1,,,,,,,,,,,,,,,,,2475.4,3179.2,0.62,0.611,35.9,0.433,
Part,pmrqt2sgdae6q,Weapon,"Cygnus ""Eradicator 1"" Disruptor",8,8,,Looted,Observed,596,596,30170.8,2646.5,,,,,,,,,,,,,,,,,1964.7,4229.8,0.626,0.628,30.2,0.425,
Part,pmrqt4q9fcbsg,Weapon,Corellian AG-1G Laser Cannons,8,8,,Looted,Observed,585.6,585.6,33660,1958.5,,,,,,,,,,,,,,,,,1640.1,2879.1,0.683,0.653,33.4,0.408,
Part,pmrqt5rund6ea,Weapon,Sienar Design Systems Heavy Imperial Special Forces Cannon,8,8,,Looted,Observed,702.8,702.8,35926,2077,,,,,,,,,,,,,,,,,2059.7,2883.4,0.57,0.63,33,0.37,
Part,pmrqtpf8tei61,Weapon,Lett's W8 Socket,8,8,,REed,Observed,,,21281,1633,,,,,,,,,,,,,,,,,2575,3992,0.71,0.71,13.3,0.36,
Part,pmrs8o1g40ai5,Shield,Moncal Ionweb Prototype B Shield,6,6,,Looted,Observed,406.4,406.4,18898.7,2463.7,,,,,,1911.3,1361.1,7.86,,,,,,,,,,,,,,,
Part,pmrsn6f9h1ms7,Shield,"Armek ""Plasma Web"" Shield Generator",8,8,,Looted,Observed,700.8,700.8,43547.2,2930.8,,,,,,2433.2,2433.1,11.84,,,,,,,,,,,,,,,
Part,pmrsn7xi22ik,Weapon,Taim & Bak KX5 Laser Cannon,6,6,,Looted,Observed,393.7,7393.7,11659.3,2137.5,,,,,,,,,,,,,,,,,1256.8,1945.5,0.64,0.629,28.8,0.422,
Part,pmrsn9j3c3wl2,Weapon,"Hoersch-Kessel ""Scorcher 3""",6,6,,Looted,Observed,412.5,412.5,12080.5,2243,,,,,,,,,,,,,,,,,1804.3,2373.7,0.646,0.616,36.6,0.408,
Part,pmrsnajtz4ttb,Weapon,Koensayr Ion-Accelerator 3 Cannon,6,6,,Looted,Observed,378.7,378.7,12652.3,2095.7,,,,,,,,,,,,,,,,,1333.5,2196.4,0.643,0.62,28.2,0.428,
Part,pms0st48p0hw2,Main Reactor,"Watto's ""Sunray"" Reactor",2,2,,Looted,Observed,126.1,126.1,1617.6,,8665.7,,,,,,,,,,,,,,,,,,,,,,
Part,pms0stjo21avo,Main Reactor,Freitek Improved Mark I Powerhouse Reactor,4,4,,Looted,Observed,259.2,259.2,2347.3,,11673.6,,,,,,,,,,,,,,,,,,,,,,
Part,pms0stvr02cvd,Main Reactor,Koensayr Enhanced Mark II Supernova Reactor,4,4,,Looted,Observed,235.8,235.8,2323.2,,11710.8,,,,,,,,,,,,,,,,,,,,,,
Part,pms0swauh34i8,Main Reactor,Sienar Design Systems High-Output Reactor,6,6,,Looted,Observed,618.9,618.9,14421.89,,18999.6,,,,,,,,,,,,,,,,,,,,,,
Part,pms0swmv94y93,Main Reactor,(Unknown) Multi-core Reactor,6,6,,Looted,Observed,483.9,483.9,15864.7,,18451.8,,,,,,,,,,,,,,,,,,,,,,
Part,pms0sx1d25d9,Main Reactor,"Slayn & Korpil ""Vortex"" Mk2 Reactor",6,6,,Looted,Observed,406.9,406.9,16666.2,,21498.9,,,,,,,,,,,,,,,,,,,,,,
Part,pms0sy1xr6q5a,Main Reactor,(Unknown) Distressed Aluminum Reactor,6,6,,Looted,Observed,474.6,474.6,18999,,20121.2,,,,,,,,,,,,,,,,,,,,,,
Part,pms0szap08jka,Engine,"Cygnus ""Megadrive"" Starship Engine",6,6,,Looted,Observed,555.5,555.5,13764.8,2100,,63.2,63.2,63.2,79,,,,,,,,,,,,,,,,,,
Part,pms0t120e9r48,Engine,A-Tech MandalMotors HIGH OUTPUT ENGINE PROTOTYPE IV,,7,,Crafted,Observed,219.6,438.5,16202.4,2027.2,,74.5,74.3,67.1,107,,,,,,,,,,,,,,,,,,
Part,pms0t1o7masnu,Shield,Koensayr Deflector M6,6,6,,Looted,Observed,391.2,391.2,15458.8,2458.8,,,,,,981.5,1161.9,10.28,,,,,,,,,,,,,,,
Part,pms0t247nb4yp,Shield,Rendili Dual-Projector Shield Generator,4,4,,Looted,Observed,7258.7,258.7,6256.3,2681,,,,,,898.4,898.4,4.37,,,,,,,,,,,,,,,
Part,pms0t4mqkc590,Shield,Protecto-net Shield,7,8,,Looted,Observed,596.3,596.3,34030.6,3277.4,,,,,,1707.3,1709.4,13.48,,,,,,,,,,,,,,,
Part,pms0t6mqtdexm,Shield,WOWEE MARK IVY DEFLECTOR SHIELD GENERATOR,,7,,Crafted,Observed,432.7,865.6,16748,3053.6,,,,,,2011.5,2011.5,11.59,,,,,,,,,,,,,,,
Part,pms0t8wvvew2u,Armor,Koensayr Heavy Durasteel Armor,4,4,,Looted,Observed,344.7,344.7,3576.7,,,,,,,,,,,,,,,,,,,,,,,,
Part,pms0t98qwfold,Armor,Mon Calamari Advanced Weave,10,10,Fighter,Looted,Observed,1472.6,1472.6,34983.4,,,,,,,,,,,,,,,,,,,,,,,,
Part,pms0t9hsjgnr8,Armor,SubPro Corrugated Durasteel Armor,6,6,,Looted,Observed,961.8,961.8,10447.5,,,,,,,,,,,,,,,,,,,,,,,,
Part,pms0t9silhrvq,Armor,Koensayr Thick Advanced Durasteel,7,7,,Looted,Observed,1404.3,1404.3,11870.4,,,,,,,,,,,,,,,,,,,,,,,,
Part,pms0ta61cik5o,Armor,Incom Light Starship Plating,1,1,,Looted,Observed,225.4,225.4,883,,,,,,,,,,,,,,,,,,,,,,,,
Part,pms0tae1cjn7y,Armor,Sienar Fleet Systems Light Military Grade Durasteel,4,4,,Looted,Observed,460,460,2047.4,,,,,,,,,,,,,,,,,,,,,,,,
Part,pms0tb0t7kc4y,Capacitor,A-TECH DEEPWELL CAPACITOR PROTOTYPE DELTA,,7,,Crafted,Observed,218.3,435.8,16485.7,1719.3,,,,,,,,,1439.2,61,,,,,,,,,,,,,
Part,pms0tborpld6l,Capacitor,-LOKI- MARK II WEAPONS CAPACITOR,,3,,Crafted,Observed,161.4,322.4,2397.3,1268.7,,,,,,,,,1070.9,34.3,,,,,,,,,,,,,
Part,pms1ck3mp3i2u,Booster,Surronian Accelerator Mark I,6,6,,Looted,Observed,492.5,492.5,9874,486.1,,,,,,,,,,,1815,45.1,173.7,38.3,27.5,,,,,,,,
Part,pms0td6g3niri,Droid Interface,MARK IV DROID INTERFACE,,7,,Crafted,Observed,436.3,872.6,6259.2,715.4,,,,,,,,,,,,,,,,12.6,,,,,,,
Part,pms0tdhs5ogu2,Droid Interface,MARK I DROID INTERFACE,,1,,Crafted,Observed,70.2,140.6,407,537.1,,,,,,,,,,,,,,,,26.7,,,,,,,
Part,pms0tdygfph1n,Weapon,Haor Chall Speedblaster Cannon,3,3,,Looted,Observed,173,173,2977,1867.7,,,,,,,,,,,,,,,,,364.3,926.9,0.502,0.496,21.3,0.34,
Part,pms0tekamqbsh,Weapon,Incom Long-Range Disruptor,3,3,,Looted,Observed,173.6,173.6,2905.8,2361.3,,,,,,,,,,,,,,,,,649.4,881.5,0.305,0.684,23.5,0.347,
Part,pms0tfqeqrouy,Weapon,"SubPro ""Triple Blaster"" Advanced Flash Cannon",4,4,,Looted,Observed,222.2,222.2,5283.7,2174.8,,,,,,,,,,,,,,,,,784,1008,0.605,0.622,25.3,0.425,
Part,pms0tgcdxsool,Weapon,Corellian Beamrail Gauss Cannon,10,10,Fighter,Looted,Observed,680.7,680.7,56959.3,2782.4,,,,,,,,,,,,,,,,,2690.5,4670.8,0.774,0.483,34.4,0.432,
Part,pms0th2n0tpf,Weapon,Ionic Pulse Weapon,7,7,,Looted,Observed,405.5,405.5,17037.7,2376.6,,,,,,,,,,,,,,,,,1685.4,2646.6,0.603,0.457,29.3,0.344,
Part,pms0tjb5iud3t,Weapon,MID-GRADE BLASTER (RED) 641-922 - 14.2 E/S,,3,,Crafted,Observed,166.6,332.6,2330.3,2166.5,,,,,,,,,,,,,,,,,641.9,922,0.67,0.67,14.2,0.38,
Part,pms1bpo5x01f,Capacitor,DEEPWELL PROTOTYPE GAMMA MKY (RECHARGE)(-51-),,5,,Crafted,Observed,147.4,294.6,6635,1665.5,,,,,,,,,1140.3,54.6,,,,,,,,,,,,,
Part,pms1buki21fb3,Weapon,REGI- ELITE ANNIHILATOR WEAPON,10,10,Fighter,REed,Observed,852.3,852.3,37469.5,1601.3,,,,,,,,,,,,,,,,,3187.4,5239.4,0.86,0.86,25.1,0.35,
Part,pms1c0ruc26yx,Engine,SHMALE ROCKETDYNE APOLLO LAUNCHER V,8,8,,REed,Observed,866.7,866.7,19981.4,1237.4,,79.1,79.5,78.9,113.7,,,,,,,,,,,,,,,,,,
Part,pms2ol50v084q,Engine,Koensayr Elite,10,10,Fighter,Looted,Observed,664.9,664.9,51886.5,1711,,69.2,71.9,67.7,86,,,,,,,,,,,,,,,,,,
Part,pms2ome881i47,Weapon,"Sienar Design Systems ""Boltdriver""",7,7,,Looted,Observed,560.7,560.7,21840,2800.1,,,,,,,,,,,,,,,,,1910.1,2953.7,0.5,0.5,27.2,0.34,
Part,pms3rbvc741gw,Engine,T86 Shooting Star Engine,6,6,,Looted,Observed,411.3,411.3,11151.9,1497.8,,71.9,59.9,63.7,84.9,,,,,,,,,,,,,,,,,,
Part,pms3rc6ya556w,Engine,T86 Shooting Star Engine,6,6,,Looted,Observed,386.2,386.2,11587.1,1640.4,,65.7,61.8,68,98.3,,,,,,,,,,,,,,,,,,
Part,pms3rev0l67w4,Shield,-LETS- CELESTIAL INTERVENTION VY,5,5,,REed,Observed,421.5,421.5,4736.1,1140.6,,,,,,1508.9,1476.9,10.39,,,,,,,,,,,,,,,
